layer_index,layer_offset,position,train_auc,train_auc_within_relevant,train_auc_within_false,train_auc_policy_neutral,train_auc_policy_context,train_auc_policy_parametric,train_robust_auc,validation_auc,validation_auc_within_relevant,validation_auc_within_false,validation_auc_policy_neutral,validation_auc_policy_context,validation_auc_policy_parametric,validation_robust_auc
0,0,claim_answer_end,0.5310330147825193,0.5366406834896728,0.5220636808032766,0.5310476945435327,0.5310476945435328,0.5310036552604923,0.5220636808032766,0.5,0.5,0.5,0.5000000000000001,0.5000000000000001,0.5000000000000001,0.5
0,0,claim_end,0.5427181045492578,0.5552913198573127,0.516514731140177,0.5427181045492578,0.5427181045492578,0.5427181045492578,0.516514731140177,0.5555555555555556,0.5833333333333334,0.5000000000000001,0.5555555555555556,0.5555555555555556,0.5555555555555556,0.5000000000000001
0,0,context_end,0.5598493856520016,0.5811864182851103,0.5187607345752411,0.5598493856520015,0.5599374642180825,0.5597613070859206,0.5187607345752411,0.5355555555555556,0.5533333333333333,0.5000000000000001,0.5355555555555556,0.5355555555555556,0.5355555555555556,0.5000000000000001
0,0,query_subject_end,0.5727602354633666,0.48666343711924365,0.6186198088695116,0.5716298938653278,0.5693838904302638,0.5774430792266702,0.48666343711924365,0.5369135802469136,0.47382716049382717,0.568395061728395,0.5374074074074074,0.5381481481481482,0.5344444444444444,0.47382716049382717
0,0,question_end,0.5128129847379419,0.5075380572804274,0.5127640522012302,0.5268419430131678,0.5094904654952217,0.5045580657946889,0.5045580657946889,0.5093415637860083,0.5058024691358025,0.5093827160493828,0.5274074074074074,0.5111111111111111,0.5040740740740741,0.5040740740740741
0,0,prompt_end,0.5237322803051433,0.5153476901396046,0.5237591932003347,0.5476064649667504,0.5302329678072841,0.54291628132294,0.5153476901396046,0.500761316872428,0.48975308641975307,0.5103703703703704,0.5074074074074074,0.5038888888888889,0.5055555555555555,0.48975308641975307
0,0,assistant_start,0.5653078101221846,0.5484505512250261,0.573729099690257,0.5703967939401947,0.5650240014092571,0.5884528999867881,0.5484505512250261,0.5149794238683127,0.5166666666666667,0.5077777777777778,0.5237037037037037,0.515925925925926,0.5259259259259259,0.5077777777777778
1,1,claim_answer_end,0.5265556876734047,0.5298586339014401,0.5215352094067908,0.526687805522526,0.5265116483903642,0.5264676091073237,0.5215352094067908,0.5096296296296297,0.5144444444444445,0.5,0.5096296296296297,0.5096296296296297,0.5096296296296297,0.5
1,1,claim_end,0.5547065760436086,0.5750796377034982,0.5153256704980843,0.5546527502532259,0.5547848681023473,0.5547408288193068,0.5153256704980843,0.5202469135802469,0.5303703703703704,0.5,0.5200000000000001,0.52,0.5207407407407407,0.5
1,1,context_end,0.5669103506994906,0.5881446250055049,0.5208012213561163,0.5662791209759105,0.5672039459197604,0.5671158673536795,0.5208012213561163,0.5395061728395062,0.5592592592592593,0.49999999999999994,0.5407407407407407,0.5392592592592593,0.5385185185185186,0.49999999999999994
1,1,query_subject_end,0.6735759408503496,0.4757563746862201,0.7742399553735266,0.673140441273616,0.6829171621086009,0.6661822345532213,0.4757563746862201,0.6529218106995885,0.48962962962962964,0.7317283950617284,0.6400000000000001,0.6492592592592593,0.6722222222222223,0.48962962962962964
1,1,question_end,0.5282952393535033,0.49255002128565345,0.546923856079623,0.530981635618972,0.5282952393535033,0.5269300215792487,0.49255002128565345,0.511522633744856,0.4897530864197531,0.5212345679012346,0.5133333333333334,0.514074074074074,0.5140740740740741,0.4897530864197531
1,1,prompt_end,0.5353855639230194,0.5116483903642048,0.5487881857283363,0.5489937023825252,0.5309375963359317,0.5306293213546484,0.5116483903642048,0.5013991769547326,0.4830864197530864,0.5246913580246912,0.508888888888889,0.49666666666666665,0.5225925925925925,0.4830864197530864
1,1,assistant_start,0.5749450732275412,0.5728556539099543,0.5663745394224983,0.604108865107676,0.5663892191835117,0.5966882459153565,0.5663745394224983,0.5146913580246913,0.5008641975308641,0.5292592592592593,0.49777777777777776,0.5437037037037037,0.5303703703703704,0.49777777777777776
2,2,claim_answer_end,0.5302256279267774,0.5354956621306205,0.5216673272559122,0.5301889285242436,0.5303210463733651,0.5301669088827234,0.5216673272559122,0.5096296296296295,0.5144444444444445,0.5,0.5096296296296295,0.5096296296296295,0.5096296296296295,0.5
2,2,claim_end,0.5517070115431854,0.5732446675768119,0.5117144492887655,0.55130576474215,0.5519663539877571,0.5517901968555953,0.5117144492887655,0.5602469135802469,0.5903703703703703,0.49999999999999994,0.5585185185185185,0.5614814814814815,0.5607407407407408,0.49999999999999994
2,2,context_end,0.5501411703684131,0.5684003464423599,0.5171459608637571,0.5506892147795833,0.5498084291187739,0.5496763112696526,0.5171459608637571,0.5232921810699589,0.5349382716049382,0.5,0.5207407407407408,0.5251851851851853,0.522962962962963,0.5
2,2,query_subject_end,0.8332330216330743,0.4999779803584798,0.9998972416729056,0.8278504425947946,0.8360417492403224,0.8356894349759987,0.4999779803584798,0.8212345679012346,0.4724691358024691,0.995925925925926,0.8185185185185186,0.8155555555555556,0.8266666666666667,0.4724691358024691
2,2,question_end,0.5227658627050885,0.49599976512382377,0.536603984087139,0.5380279209054477,0.5297044964107985,0.527238296560532,0.49599976512382377,0.5080246913580247,0.48716049382716053,0.5166666666666667,0.5055555555555555,0.5155555555555555,0.5159259259259259,0.48716049382716053
2,2,prompt_end,0.5278890992987968,0.5065545132925237,0.5385123530188929,0.5558197912537984,0.5576694411414982,0.5571409697450126,0.5065545132925237,0.5152263374485597,0.4872839506172839,0.5261728395061729,0.5033333333333334,0.5322222222222223,0.5548148148148148,0.4872839506172839
2,2,assistant_start,0.5678620885385319,0.5524581259817091,0.5660515846802014,0.5977451887083278,0.5932531818381996,0.6094596379970934,0.5524581259817091,0.5079012345679013,0.4607407407407407,0.5391358024691357,0.49703703703703705,0.5511111111111111,0.48370370370370364,0.4607407407407407
3,3,claim_answer_end,0.5311602393779696,0.5375655084335227,0.5217994451050336,0.5309816356189722,0.5313779891663364,0.5311357731096138,0.5217994451050336,0.488641975308642,0.482962962962963,0.5,0.4881481481481481,0.4888888888888889,0.4888888888888889,0.482962962962963
3,3,claim_end,0.5669788562508868,0.5976717899032603,0.507838992381204,0.5665433566741533,0.5665873959571938,0.567247985202801,0.507838992381204,0.5531687242798353,0.5797530864197531,0.5,0.5511111111111111,0.554074074074074,0.554074074074074,0.5
3,3,context_end,0.5751505898817301,0.6033381776544678,0.5154724681082192,0.5753071739992073,0.5751310168670454,0.5750429383009644,0.5154724681082192,0.5464197530864199,0.5696296296296297,0.5,0.5488888888888889,0.548148148148148,0.5437037037037037,0.5
3,3,query_subject_end,0.8231284528021217,0.4760206103844629,0.9969759692312209,0.8158277183247457,0.8282908354251992,0.821640903686088,0.4760206103844629,0.8095061728395062,0.44580246913580246,0.9923456790123456,0.81,0.8011111111111111,0.8162962962962962,0.44580246913580246
3,3,question_end,0.7089394851318486,0.48454955153330104,0.8261329105562163,0.7114105782357864,0.7197340027304355,0.7137446602369314,0.48454955153330104,0.6737860082304528,0.4855555555555556,0.7724691358024692,0.7055555555555555,0.6933333333333334,0.721111111111111,0.4855555555555556
3,3,prompt_end,0.6989915004183731,0.49249130224159954,0.8033646012242921,0.6995199718148588,0.734971594662439,0.7192495706169904,0.49249130224159954,0.7059670781893005,0.48024691358024696,0.8212345679012346,0.7133333333333334,0.7207407407407408,0.7485185185185186,0.48024691358024696
3,3,assistant_start,0.6906142501333412,0.4973943424201054,0.7914152757593105,0.6883339939225789,0.7303474699431893,0.7188972563526667,0.4973943424201054,0.6769958847736626,0.45851851851851855,0.7953086419753087,0.7188888888888888,0.6866666666666666,0.6888888888888889,0.45851851851851855
4,4,claim_answer_end,0.5279600514770286,0.5324349319593078,0.5219315629541551,0.5278988858061391,0.5278988858061392,0.5280970625798213,0.5219315629541551,0.4998353909465021,0.4997530864197531,0.5,0.4992592592592592,0.5007407407407407,0.5,0.4992592592592592
4,4,claim_end,0.5650068750214079,0.5946037198514408,0.5092629291995127,0.563240410446118,0.5656185317303034,0.5657946888624654,0.5092629291995127,0.5694650205761317,0.6041975308641975,0.4999999999999999,0.5703703703703704,0.5696296296296296,0.5688888888888889,0.4999999999999999
4,4,context_end,0.5739957820153354,0.6023105943835235,0.5171900001467976,0.5738098383758313,0.5746465847536003,0.5738098383758312,0.5171900001467976,0.5430452674897119,0.5645679012345679,0.5000000000000001,0.5385185185185185,0.542962962962963,0.5466666666666666,0.5000000000000001
4,4,query_subject_end,0.8270381624853814,0.4842559563130312,0.9985907429427049,0.8223455322147355,0.828158717576078,0.8246796142158805,0.4842559563130312,0.8110288065843623,0.4332098765432099,0.9998765432098766,0.8096296296296297,0.8055555555555556,0.8177777777777778,0.4332098765432099
4,4,question_end,0.7858076070521571,0.4895553500389013,0.9333245254767252,0.7958338838243713,0.8074602545470559,0.8004580085436208,0.4895553500389013,0.7260082304526748,0.47913580246913584,0.8495061728395061,0.7440740740740741,0.7448148148148148,0.7685185185185186,0.47913580246913584
4,4,prompt_end,0.7051276405220123,0.49150775825369564,0.8141248660471808,0.7327696305104153,0.7593693574668604,0.7419298013828335,0.49150775825369564,0.6951440329218107,0.4819753086419753,0.8022222222222223,0.7025925925925927,0.7059259259259258,0.717037037037037,0.4819753086419753
4,4,assistant_start,0.6511746255437628,0.46342537543488793,0.7569765564216615,0.6431056502400141,0.6841062227506935,0.6535869996036464,0.46342537543488793,0.6329218106995884,0.4487654320987654,0.7374074074074074,0.6299999999999999,0.6166666666666667,0.6618518518518519,0.4487654320987654
5,5,claim_answer_end,0.5279331385818373,0.5317963623552209,0.5207425023120624,0.5278548465230986,0.5281631215043819,0.5277887875985379,0.5207425023120624,0.5041769547325102,0.5062962962962962,0.49993827160493826,0.5042592592592592,0.5037037037037037,0.5044444444444445,0.49993827160493826
5,5,claim_end,0.5772742619750151,0.6095183570411473,0.5115236123955902,0.5753071739992073,0.5783018452459594,0.5782578059629189,0.5115236123955902,0.5751028806584362,0.6127160493827161,0.4998765432098765,0.5733333333333334,0.5775925925925927,0.5740740740740741,0.4998765432098765
5,5,context_end,0.5820109315287014,0.6178124220137695,0.5113768147854553,0.5829700092482495,0.5811203593605495,0.5816928700400756,0.5113768147854553,0.5771604938271605,0.615679012345679,0.5001234567901235,0.575925925925926,0.5777777777777778,0.5785185185185185,0.5001234567901235
5,5,query_subject_end,0.8019700239280105,0.4063357848534226,0.9998532023898651,0.7923107411811336,0.8014268727705113,0.8059188796406394,0.4063357848534226,0.7915226337448561,0.3745679012345679,1.0,0.7918518518518519,0.788888888888889,0.788888888888889,0.3745679012345679
5,5,question_end,0.7183492119414963,0.49623464130003964,0.8282614759031723,0.7425023120623596,0.761747478751046,0.7456731404412736,0.49623464130003964,0.6147736625514403,0.4893827160493827,0.6760493827160494,0.6774074074074073,0.6692592592592593,0.7077777777777778,0.4893827160493827
5,5,prompt_end,0.6939269828687189,0.4612968100879317,0.8148882136198823,0.6874091689787291,0.7139648566521337,0.6838419870524507,0.4612968100879317,0.671358024691358,0.4607407407407408,0.7851851851851852,0.7355555555555556,0.6244444444444445,0.717037037037037,0.4607407407407408
5,5,assistant_start,0.6227595014753161,0.49397395810396205,0.6921800913081135,0.6121900735456026,0.7028669573259347,0.6739331483683445,0.49397395810396205,0.5599588477366255,0.4793827160493827,0.6033333333333334,0.601111111111111,0.6011111111111112,0.6055555555555555,0.4793827160493827
6,6,claim_answer_end,0.5297240694254831,0.5344900985011964,0.5215352094067909,0.5294842999955961,0.5298806535429603,0.5298145946183996,0.5215352094067909,0.5007407407407407,0.5009876543209877,0.500246913580247,0.4996296296296296,0.5011111111111111,0.5007407407407407,0.4996296296296296
6,6,claim_end,0.5950220930403253,0.6325215425492873,0.5112153374143069,0.5938917514422865,0.5965781477077553,0.5952129299335006,0.5112153374143069,0.5187654320987654,0.5280246913580247,0.5002469135802469,0.5214814814814814,0.5174074074074074,0.52,0.5002469135802469
6,6,context_end,0.5771078913501955,0.6096357951292554,0.5145036038813288,0.5743383097723168,0.5786541595102831,0.5778174131325142,0.5145036038813288,0.5662139917695473,0.5992592592592593,0.5001234567901235,0.5662962962962963,0.567037037037037,0.5659259259259259,0.5001234567901235
6,6,query_subject_end,0.8434403487911217,0.530321046373365,1.0,0.8419430131677457,0.8478002378121284,0.8423393667151098,0.530321046373365,0.8234567901234568,0.4703703703703704,1.0,0.8211111111111111,0.818888888888889,0.825925925925926,0.4703703703703704
6,6,question_end,0.8093930897471655,0.43657609254121343,0.9964621775957487,0.8020434227330779,0.8062711939049632,0.8093979830008368,0.43657609254121343,0.8067901234567902,0.43407407407407406,0.9914814814814814,0.7977777777777778,0.79,0.7929629629629631,0.43407407407407406
6,6,prompt_end,0.721750023242955,0.46697787760015264,0.8524390422923914,0.7118950103492314,0.7567270004844321,0.7234773417888758,0.46697787760015264,0.6780246913580247,0.4575308641975309,0.7985185185185185,0.7274074074074074,0.6762962962962963,0.7274074074074075,0.4575308641975309
6,6,assistant_start,0.590390628440569,0.5007706874532083,0.6390980754833311,0.6036464526357511,0.6788655480688774,0.6685163165543664,0.5007706874532083,0.5607818930041153,0.48419753086419753,0.5990123456790124,0.6022222222222222,0.5922222222222222,0.6088888888888889,0.48419753086419753
7,7,claim_answer_end,0.5311969387805033,0.5367654614582875,0.5216673272559122,0.5308935570528911,0.5314220284493768,0.5311798123926543,0.5216673272559122,0.5090123456790123,0.5135802469135803,0.49987654320987646,0.5096296296296295,0.5088888888888888,0.5088888888888888,0.49987654320987646
7,7,claim_end,0.5920372083009156,0.627603822609768,0.511787848093833,0.5918219051393843,0.5934073193288413,0.5906328444972916,0.511787848093833,0.4926748971193415,0.48888888888888893,0.500246913580247,0.49333333333333335,0.4922222222222222,0.4925925925925926,0.48888888888888893
7,7,context_end,0.6129509744914685,0.6604424479969466,0.5171166013417302,0.6126524860175276,0.6137534680935395,0.6119038182058395,0.5171166013417302,0.5823868312757202,0.6240740740740742,0.49901234567901237,0.5814814814814815,0.5825925925925926,0.582962962962963,0.49901234567901237
7,7,query_subject_end,0.8523852165020086,0.5571556495060261,1.0,0.8534813053243493,0.8550667195138063,0.8509710661910423,0.5571556495060261,0.8351851851851853,0.5055555555555555,1.0,0.8333333333333334,0.8374074074074075,0.8351851851851853,0.5055555555555555
7,7,question_end,0.8189153613912499,0.4596967161374613,0.9989724167290556,0.810719161492051,0.8154313647773814,0.81529924692826,0.4596967161374613,0.8166255144032922,0.4501234567901235,0.999753086419753,0.8092592592592592,0.8077777777777778,0.8085185185185186,0.4501234567901235
7,7,prompt_end,0.7263692547085333,0.47405352240865517,0.8525271208584724,0.7820495882327035,0.7931034482758621,0.7708636103404236,0.47405352240865517,0.624320987654321,0.4693827160493827,0.7066666666666667,0.762962962962963,0.7244444444444444,0.732962962962963,0.4693827160493827
7,7,assistant_start,0.5821699622730142,0.5013872374157748,0.6239632418784222,0.6165059232835689,0.673316598405778,0.6741533447835469,0.5013872374157748,0.5635802469135802,0.48444444444444446,0.6006172839506173,0.607037037037037,0.5925925925925927,0.6222222222222222,0.48444444444444446
8,8,claim_answer_end,0.5304189114467883,0.5357672377093701,0.5212709737085481,0.5307394195622496,0.5301889285242436,0.5302109481657639,0.5212709737085481,0.5119341563786008,0.5176543209876543,0.5004938271604937,0.5118518518518519,0.5122222222222221,0.5118518518518519,0.5004938271604937
8,8,claim_end,0.5973317087731145,0.6344592710030681,0.5123163194903188,0.5971506583872814,0.5983397190293742,0.5968864226890386,0.5123163194903188,0.5007407407407407,0.5011111111111112,0.5,0.5014814814814815,0.5014814814814814,0.5,0.5
8,8,context_end,0.6164349711053371,0.6640536692062653,0.5150173955168009,0.6147223323204298,0.6172325714537367,0.6171885321706962,0.5150173955168009,0.5191358024691358,0.528641975308642,0.5001234567901234,0.5237037037037038,0.5151851851851852,0.5177777777777778,0.5001234567901234
8,8,query_subject_end,0.8156564544462549,0.4469693633387648,1.0,0.8155194433434625,0.8154313647773814,0.8133615184744792,0.4469693633387648,0.8107407407407408,0.43222222222222223,1.0,0.8025925925925926,0.8051851851851852,0.8114814814814815,0.43222222222222223
8,8,question_end,0.8178633118519497,0.4672421132983955,0.9931445516066999,0.8131853613423172,0.8175892896463646,0.8185141145902144,0.4672421132983955,0.7963374485596708,0.46740740740740744,0.9574074074074075,0.8085185185185185,0.8066666666666666,0.8111111111111111,0.46740740740740744
8,8,prompt_end,0.7081639044249693,0.47045698096034994,0.8300450668663114,0.7584445325230105,0.7762364028713613,0.7476989474611353,0.47045698096034994,0.6130041152263375,0.46938271604938275,0.6944444444444445,0.7503703703703704,0.7196296296296296,0.7214814814814815,0.46938271604938275
8,8,assistant_start,0.5623522849048017,0.5038240777440144,0.5924751545044846,0.607918263090677,0.6394944290306954,0.6607213634562029,0.5038240777440144,0.5593004115226338,0.48222222222222216,0.5987654320987654,0.5907407407407408,0.5555555555555556,0.597037037037037,0.48222222222222216
9,9,claim_answer_end,0.5294353674588844,0.5333083777396104,0.5211388558594267,0.5293301625049545,0.5298366142599199,0.5292861232219139,0.5211388558594267,0.5053909465020576,0.5081481481481481,0.49987654320987657,0.5062962962962962,0.5048148148148148,0.5051851851851852,0.49987654320987657
9,9,claim_end,0.5668124856260673,0.5869849238854391,0.5157954228505159,0.5703747742986744,0.5651340996168582,0.5650900603338178,0.5157954228505159,0.4894650205761316,0.48419753086419753,0.5,0.4911111111111111,0.4881481481481481,0.48962962962962964,0.48419753086419753
9,9,context_end,0.6194149625910756,0.6662115940752484,0.518848813141322,0.6197428105870436,0.6178050821332629,0.6209318712291364,0.518848813141322,0.5225514403292181,0.5338271604938272,0.49999999999999994,0.5292592592592593,0.517037037037037,0.5214814814814814,0.49999999999999994
9,9,query_subject_end,0.8129994177028131,0.43899825310843943,1.0,0.8124366935306293,0.811291672171577,0.8123486149645485,0.43899825310843943,0.8171193415637861,0.451358024691358,1.0,0.8148148148148149,0.818888888888889,0.8133333333333334,0.451358024691358
9,9,question_end,0.826367786732432,0.47910336019729594,1.0,0.8252961641784472,0.8263531069714185,0.8254282820275687,0.47910336019729594,0.8271604938271605,0.4817283950617284,0.9997530864197531,0.8266666666666668,0.8296296296296297,0.8266666666666667,0.4817283950617284
9,9,prompt_end,0.6844096044783058,0.47850148999574293,0.7898298615698536,0.7716122781521116,0.7941603910688334,0.7569912361826749,0.47850148999574293,0.6232098765432099,0.4753086419753087,0.7024691358024691,0.7122222222222223,0.7103703703703703,0.7103703703703704,0.4753086419753087
9,9,assistant_start,0.5520470926733313,0.5022093040325303,0.5791312517432217,0.6209538908706566,0.639186154049412,0.6520456246972299,0.5022093040325303,0.552716049382716,0.4835802469135802,0.5862962962962963,0.6018518518518519,0.5596296296296296,0.5922222222222222,0.4835802469135802
10,10,claim_answer_end,0.5287796714669485,0.5320972974559974,0.5219315629541551,0.5288457303915093,0.52891178931607,0.5286695732593474,0.5219315629541551,0.5230864197530865,0.5345679012345679,0.5001234567901235,0.522962962962963,0.5237037037037037,0.522962962962963,0.5001234567901235
10,10,claim_end,0.6314866193978362,0.6835337120711674,0.5155752264353136,0.6296076099881094,0.6332188311974282,0.6315453384418902,0.5155752264353136,0.5081069958847737,0.5117283950617284,0.5008641975308642,0.5070370370370371,0.5081481481481481,0.5103703703703703,0.5008641975308642
10,10,context_end,0.5845358504230218,0.6176656244036348,0.511875926659914,0.5816488307570352,0.5846435020037875,0.5871537411370943,0.511875926659914,0.5241975308641976,0.5365432098765432,0.49950617283950616,0.5233333333333333,0.5259259259259259,0.5192592592592593,0.49950617283950616
10,10,query_subject_end,0.823231211129216,0.4698991500418373,0.9998972416729056,0.8226538071960189,0.8231822785925046,0.8238428678381116,0.4698991500418373,0.8234156378600823,0.4781481481481482,0.9958024691358025,0.8233333333333333,0.8237037037037036,0.8207407407407407,0.4781481481481482
10,10,question_end,0.8063250196953461,0.419033778130092,0.9999559607169596,0.8030563262430088,0.805214251111992,0.8044655833003039,0.419033778130092,0.8186831275720164,0.4560493827160494,1.0,0.8159259259259258,0.8159259259259259,0.8144444444444444,0.4560493827160494
10,10,prompt_end,0.7597657110142246,0.47960247207175466,0.9000895465421823,0.809794336548201,0.8181618003258907,0.818470075307174,0.47960247207175466,0.7323868312757201,0.5107407407407407,0.8391358024691358,0.8307407407407408,0.8274074074074074,0.8266666666666667,0.5107407407407407
10,10,assistant_start,0.6802796983798438,0.4737746069493988,0.7844717487999295,0.8007222442418638,0.7959219623904523,0.7855286915929008,0.4737746069493988,0.6506584362139918,0.48172839506172843,0.74,0.7255555555555556,0.7525925925925926,0.7585185185185186,0.48172839506172843
11,11,claim_answer_end,0.5281166355945058,0.5315688260595117,0.5217994451050337,0.5279649447306998,0.5280530232967806,0.528273219711983,0.5217994451050337,0.49201646090534973,0.4880246913580247,0.5,0.49296296296296294,0.49259259259259264,0.4911111111111111,0.4880246913580247
11,11,claim_end,0.5688578656606138,0.5896052612263473,0.5182909822228094,0.5679966530144889,0.5685251244109747,0.5692737922226626,0.5182909822228094,0.4982716049382716,0.49790123456790125,0.4990123456790123,0.4988888888888889,0.49518518518518523,0.5037037037037038,0.49518518518518523
11,11,context_end,0.5471856451510303,0.5685765035745218,0.5016000939504704,0.5461531686264147,0.548134936363236,0.5471220328533052,0.5016000939504704,0.5121810699588477,0.5182716049382716,0.49999999999999994,0.5107407407407407,0.5162962962962965,0.5111111111111112,0.49999999999999994
11,11,query_subject_end,0.8443700669886427,0.5331102009659283,1.0,0.8434403487911216,0.847491962830845,0.8442330558858502,0.5331102009659283,0.82440329218107,0.4732098765432099,1.0,0.8159259259259259,0.8240740740740741,0.8251851851851852,0.4732098765432099
11,11,question_end,0.8036875559665888,0.46175188267935,0.9722405719234891,0.809045668736513,0.8082970009248249,0.8032324833751707,0.46175188267935,0.7758024691358025,0.4820987654320988,0.9162962962962964,0.8062962962962962,0.794074074074074,0.7788888888888889,0.4820987654320988
11,11,prompt_end,0.709634327153154,0.4917426344299115,0.8176920479734591,0.7622759501475316,0.80970625798212,0.793191526841943,0.4917426344299115,0.6069958847736625,0.5066666666666666,0.6541975308641975,0.7051851851851851,0.7181481481481482,0.711851851851852,0.5066666666666666
11,11,assistant_start,0.7088514065657676,0.4915371177757226,0.8233877952466933,0.7830624917426344,0.7947329017483595,0.7737261637380543,0.4915371177757226,0.6102057613168724,0.4775308641975309,0.6807407407407408,0.7174074074074075,0.7496296296296295,0.7244444444444444,0.4775308641975309
12,12,claim_answer_end,0.5327554400747689,0.5387986083586559,0.5217994451050337,0.5325890694499493,0.5329854229973136,0.5328092658651518,0.5217994451050337,0.4980246913580247,0.49691358024691357,0.500246913580247,0.4977777777777777,0.4985185185185185,0.4977777777777778,0.49691358024691357
12,12,claim_end,0.6450262523059458,0.7098985628513967,0.5178212298703777,0.6468710089399744,0.6430395913154533,0.6454617518826794,0.5178212298703777,0.5874897119341563,0.6316049382716049,0.49925925925925924,0.585925925925926,0.5911111111111111,0.5888888888888889,0.49925925925925924
12,12,context_end,0.5910243047909847,0.6283524904214559,0.5075747566829613,0.5909851587616154,0.5913374730259391,0.5895759017043203,0.5075747566829613,0.5404115226337449,0.5595061728395062,0.5022222222222222,0.5377777777777778,0.5414814814814815,0.5385185185185185,0.5022222222222222
12,12,query_subject_end,0.8468656263609362,0.5405968790828085,1.0,0.8519839697009733,0.8478883163782094,0.8399172061478839,0.5405968790828085,0.8303703703703704,0.4911111111111111,1.0,0.8296296296296297,0.8344444444444445,0.8303703703703704,0.4911111111111111
12,12,question_end,0.8475457886212279,0.5426373658636838,1.0,0.8495618091337473,0.8496058484167879,0.8457744307922668,0.5426373658636838,0.8226748971193416,0.4680246913580246,1.0,0.8207407407407408,0.8251851851851852,0.8207407407407408,0.4680246913580246
12,12,prompt_end,0.8290248234758737,0.4870744704276214,1.0,0.8293037389351301,0.8297881710485754,0.8250319284802043,0.4870744704276214,0.8247325102880658,0.49320987654320986,0.9902469135802469,0.825925925925926,0.825925925925926,0.8344444444444445,0.49320987654320986
12,12,assistant_start,0.8227565655231133,0.4849165455586383,0.9925573611661602,0.8281146782930373,0.8256044391597305,0.8193949002510239,0.4849165455586383,0.8082716049382717,0.46777777777777774,0.9795061728395061,0.8118518518518519,0.8244444444444445,0.8114814814814816,0.46777777777777774
13,13,claim_answer_end,0.5297314093059898,0.5336460122429207,0.5214030915576694,0.5292420839388735,0.5302990267318448,0.5295943982031972,0.5214030915576694,0.5099176954732509,0.5148148148148148,0.5001234567901235,0.5107407407407407,0.5096296296296297,0.5096296296296297,0.5001234567901235
13,13,claim_end,0.603149787388128,0.6474948987830478,0.5178065501093642,0.6024794116351786,0.6015986259743691,0.6046813757872023,0.5178065501093642,0.5683539094650205,0.6025925925925927,0.4998765432098765,0.5659259259259259,0.5707407407407408,0.5666666666666668,0.4998765432098765
13,13,context_end,0.619454108620445,0.670982516404633,0.5112740564583609,0.6157792751134011,0.6217686176069054,0.620711674813934,0.5112740564583609,0.5268724279835391,0.5397530864197531,0.5011111111111112,0.5240740740740741,0.53,0.528888888888889,0.5011111111111112
13,13,query_subject_end,0.8477855580511149,0.5433566741533448,1.0,0.8518078125688113,0.8518958911348924,0.8431320738098385,0.5433566741533448,0.8282304526748971,0.4846913580246913,1.0,0.8292592592592593,0.8303703703703704,0.8311111111111111,0.4846913580246913
13,13,question_end,0.8416396314401337,0.5249188943204004,1.0,0.8452019201127406,0.8438807416215265,0.8406218346765315,0.5249188943204004,0.8208641975308641,0.46259259259259256,1.0,0.8166666666666667,0.8174074074074075,0.8155555555555556,0.46259259259259256
13,13,prompt_end,0.8286920822262347,0.486076246678704,1.0,0.8282027568591184,0.828070639009997,0.8225657286299379,0.486076246678704,0.8275720164609054,0.4925925925925926,0.9950617283950617,0.8314814814814815,0.822962962962963,0.8311111111111111,0.4925925925925926
13,13,assistant_start,0.8138802033636225,0.48915899649153716,0.9768353371207117,0.8302726031620206,0.8325186065970845,0.8204958823270357,0.48915899649153716,0.7776337448559671,0.46611111111111114,0.9350617283950617,0.8124074074074075,0.8174074074074075,0.8114814814814815,0.46611111111111114
14,14,claim_answer_end,0.5314049020615278,0.5360755126906533,0.5198176773682124,0.5320605980534636,0.5311137534680935,0.5312238516756946,0.5198176773682124,0.53,0.5449382716049381,0.5001234567901235,0.5314814814814816,0.5296296296296297,0.5296296296296297,0.5001234567901235
14,14,claim_end,0.6250764570886119,0.6781755993012434,0.5169698037315953,0.6225172854185934,0.6258642709296692,0.6259083102127098,0.5169698037315953,0.5658024691358025,0.5995061728395061,0.4983950617283951,0.5666666666666667,0.5633333333333332,0.5659259259259259,0.4983950617283951
14,14,context_end,0.5940140827840656,0.6303048986362502,0.5154871478692327,0.5945523406878936,0.5938917514422866,0.5936275157440436,0.5154871478692327,0.5681893004115226,0.6008641975308643,0.5028395061728396,0.5603703703703705,0.5725925925925927,0.5733333333333334,0.5028395061728396
14,14,query_subject_end,0.7696745496983309,0.30902364909499275,1.0,0.7620997930153698,0.7720526709825165,0.7701589818117762,0.30902364909499275,0.7843621399176955,0.3530864197530864,1.0,0.7755555555555556,0.7844444444444445,0.7900000000000001,0.3530864197530864
14,14,question_end,0.8380430899918283,0.5141292699754848,1.0,0.8404897168274101,0.8408860703747744,0.834324217201744,0.5141292699754848,0.8182716049382717,0.4548148148148149,1.0,0.8181481481481482,0.8185185185185185,0.8122222222222223,0.4548148148148149
14,14,prompt_end,0.8342606049040188,0.5027818147120565,1.0,0.8373629277315365,0.8325186065970847,0.835909631391201,0.5027818147120565,0.8336625514403293,0.5009876543209877,1.0,0.837037037037037,0.8296296296296297,0.8333333333333334,0.5009876543209877
14,14,assistant_start,0.8291422615639816,0.4874267846919452,1.0,0.8285991104064826,0.8269256176509446,0.8186902717223763,0.4874267846919452,0.8088477366255145,0.47259259259259256,0.9790123456790123,0.8066666666666668,0.8148148148148149,0.8133333333333335,0.47259259259259256
15,15,claim_answer_end,0.5309278098285893,0.5350405895392023,0.5208746201611838,0.5313119302417757,0.5305192231470471,0.5306953802792092,0.5208746201611838,0.5294238683127572,0.5443209876543209,0.4996296296296296,0.5303703703703703,0.5292592592592592,0.5281481481481481,0.4996296296296296
15,15,claim_end,0.7191786184387585,0.8310212709737085,0.49757783943277406,0.7187431188620249,0.7187871581450653,0.7190954331263487,0.49757783943277406,0.6151440329218106,0.6717283950617284,0.5019753086419753,0.6151851851851852,0.6085185185185187,0.6222222222222222,0.5019753086419753
15,15,context_end,0.6257223665732055,0.681816180032589,0.5155458669132866,0.6244550138723741,0.6260404280618311,0.6270092922887216,0.5155458669132866,0.5710288065843621,0.6049382716049383,0.5032098765432098,0.5751851851851852,0.5677777777777778,0.5688888888888889,0.5032098765432098
15,15,query_subject_end,0.7708538238330814,0.31256147149924396,1.0,0.7612190073545604,0.7757519707579161,0.772845378077245,0.31256147149924396,0.7548971193415639,0.26469135802469135,1.0,0.75,0.7492592592592593,0.7618518518518519,0.26469135802469135
15,15,question_end,0.8031346183017475,0.4094038549052421,1.0,0.794953098163562,0.8049940546967896,0.7934557625401859,0.4094038549052421,0.7866255144032922,0.3598765432098766,1.0,0.7807407407407407,0.7851851851851852,0.7922222222222222,0.3598765432098766
15,15,prompt_end,0.8271507073198182,0.48145212195945447,1.0,0.8281146782930374,0.8260448319901352,0.819218743118862,0.48145212195945447,0.8250617283950618,0.47530864197530864,1.0,0.8340740740740742,0.8200000000000001,0.8111111111111111,0.47530864197530864
15,15,assistant_start,0.8147414160097475,0.456305691343345,0.9948620836452782,0.8038049940546967,0.7961861980886951,0.7944686660501167,0.456305691343345,0.8086831275720164,0.44938271604938274,0.9867901234567901,0.7985185185185186,0.8040740740740742,0.8003703703703704,0.44938271604938274
16,16,claim_answer_end,0.5298464007672622,0.533954287224204,0.519685559519091,0.5303871052979258,0.5301669088827233,0.5293301625049545,0.519685559519091,0.5377777777777778,0.55679012345679,0.4997530864197531,0.5359259259259259,0.5385185185185186,0.5377777777777778,0.4997530864197531
16,16,claim_end,0.7221928627001952,0.8313148661939783,0.5039341759516155,0.7216937508257365,0.7231470471660721,0.7222662615052626,0.5039341759516155,0.624320987654321,0.6854320987654321,0.5020987654320989,0.6237037037037036,0.6240740740740741,0.6244444444444444,0.5020987654320989
16,16,context_end,0.6909200784877889,0.7815211168362178,0.5125511956665345,0.6911745276786894,0.6929360990003082,0.6876513850354515,0.5125511956665345,0.6076543209876543,0.661358024691358,0.500246913580247,0.6137037037037038,0.6088888888888889,0.605925925925926,0.500246913580247
16,16,query_subject_end,0.8148246013221572,0.4444738039664714,1.0,0.811291672171577,0.8199233716475096,0.8126568899458317,0.4444738039664714,0.7809465020576132,0.34283950617283954,1.0,0.7837037037037038,0.7718518518518519,0.7825925925925926,0.34283950617283954
16,16,question_end,0.7992102288574743,0.39763068657242256,1.0,0.7845157880829701,0.7963183159378167,0.7873783414806007,0.39763068657242256,0.7884362139917696,0.36530864197530866,1.0,0.7777777777777778,0.7837037037037038,0.7792592592592593,0.36530864197530866
16,16,prompt_end,0.8139756218102103,0.4420149439967117,0.999911921433919,0.783767120271282,0.8027700709032457,0.7957458052582904,0.4420149439967117,0.8076543209876543,0.43925925925925924,0.9934567901234568,0.7955555555555557,0.7962962962962963,0.8,0.43925925925925924
16,16,assistant_start,0.8084535850423021,0.42870774063798245,0.9985173441376375,0.7724049852468402,0.7764125600035232,0.7692341568679262,0.42870774063798245,0.8136213991769548,0.4408641975308642,1.0,0.7962962962962963,0.8044444444444445,0.807037037037037,0.4408641975308642
17,17,claim_answer_end,0.5295283392786365,0.5336460122429206,0.5198176773682125,0.5304751838640067,0.5293742017879949,0.5292861232219139,0.5198176773682125,0.5467489711934157,0.5703703703703704,0.4995061728395061,0.5474074074074073,0.5455555555555556,0.5466666666666666,0.4995061728395061
17,17,claim_end,0.7212680377563453,0.8269990164560121,0.5096592827468769,0.7213854758444533,0.7217818293918176,0.7207248865988461,0.5096592827468769,0.6548148148148148,0.731358024691358,0.5017283950617284,0.6555555555555557,0.6548148148148148,0.6540740740740741,0.5017283950617284
17,17,context_end,0.6992532894897804,0.7930447292318081,0.5125365159055211,0.6996741093055006,0.7009952877967147,0.698132734399084,0.5125365159055211,0.640329218106996,0.7098765432098766,0.5012345679012347,0.6485185185185186,0.6355555555555557,0.6362962962962964,0.5012345679012347
17,17,query_subject_end,0.8516022959146227,0.5548068877438674,1.0,0.8479763949442904,0.8626855154798081,0.8491214163033426,0.5548068877438674,0.7951440329218107,0.3854320987654321,1.0,0.7970370370370371,0.7951851851851852,0.7940740740740742,0.3854320987654321
17,17,question_end,0.7959513219124794,0.3878539657374378,1.0,0.7725371030959617,0.7849561809133748,0.7772052670982517,0.3878539657374378,0.800246913580247,0.40074074074074073,1.0,0.7825925925925927,0.7929629629629631,0.7903703703703704,0.40074074074074073
17,17,prompt_end,0.8168748746103747,0.45197516184436515,0.9990311357731096,0.7899766591799886,0.8091777865856344,0.8025718941295636,0.45197516184436515,0.7874897119341564,0.4745679012345679,0.9441975308641977,0.8022222222222223,0.8170370370370371,0.8044444444444445,0.4745679012345679
17,17,assistant_start,0.7968516805879734,0.3912596702925676,0.9995742869306088,0.763332892940503,0.7643017571673933,0.7606024573919936,0.3912596702925676,0.8021399176954733,0.41481481481481486,0.9951851851851852,0.7925925925925926,0.7896296296296297,0.798888888888889,0.41481481481481486
18,18,claim_answer_end,0.5297044964107984,0.534013006268258,0.5209626987272646,0.529946712467521,0.5298145946183996,0.529374201787995,0.5209626987272646,0.5836213991769548,0.6251851851851852,0.500493827160494,0.5833333333333333,0.584074074074074,0.5837037037037037,0.500493827160494
18,18,claim_end,0.747256108003895,0.8677353532684488,0.5061214603426255,0.7464438278944818,0.7479852028008984,0.747016338574008,0.5061214603426255,0.688971193415638,0.7827160493827161,0.5014814814814814,0.6825925925925926,0.6918518518518519,0.6918518518518518,0.5014814814814814
18,18,context_end,0.7078800957120419,0.8051261725459109,0.5123750385343726,0.7090544765931212,0.7080415730831902,0.7071607874223809,0.5123750385343726,0.6841152263374486,0.7755555555555556,0.5012345679012346,0.6825925925925926,0.6862962962962964,0.6837037037037037,0.5012345679012346
18,18,query_subject_end,0.8013534739654439,0.4040604218963315,1.0,0.794116351785793,0.8078125688113799,0.7952613731448452,0.4040604218963315,0.7966255144032923,0.3898765432098766,1.0,0.7922222222222223,0.7914814814814816,0.7974074074074075,0.3898765432098766
18,18,question_end,0.7963525687135147,0.3890577061405441,1.0,0.7731536530585282,0.781433038270137,0.7707314924913022,0.3890577061405441,0.8062139917695474,0.418641975308642,1.0,0.7940740740740742,0.8,0.8018518518518519,0.418641975308642
18,18,prompt_end,0.8071470863121015,0.4214412589363045,1.0,0.7799357026467609,0.8028361298278065,0.796450433786938,0.4214412589363045,0.8159670781893005,0.44790123456790126,1.0,0.7874074074074074,0.794814814814815,0.7992592592592593,0.44790123456790126
18,18,assistant_start,0.7903094004296277,0.3712658357921933,0.9997210845407437,0.7518826793499802,0.7526753864447087,0.7516624829347779,0.3712658357921933,0.8006995884773662,0.4020987654320988,1.0,0.7948148148148149,0.7792592592592593,0.7862962962962964,0.4020987654320988
19,19,claim_answer_end,0.5291711317606417,0.5329487235947798,0.521270973708548,0.5292420839388734,0.5292861232219139,0.5290218875236712,0.521270973708548,0.5769958847736627,0.6153086419753087,0.5003703703703704,0.5770370370370371,0.5766666666666668,0.577037037037037,0.5003703703703704
19,19,claim_end,0.7839995498206622,0.9232835689434975,0.5054315115749914,0.7830845113841547,0.7848020434227331,0.7838772184788831,0.5054315115749914,0.7412345679012347,0.8620987654320988,0.4995061728395062,0.7407407407407408,0.74,0.7414814814814815,0.4995061728395062
19,19,context_end,0.7151367909063773,0.8151818088401521,0.5128741504088313,0.716144801162637,0.716232879728718,0.7141630334258158,0.5128741504088313,0.7278600823045267,0.841358024691358,0.5008641975308642,0.7285185185185186,0.7296296296296296,0.725925925925926,0.5008641975308642
19,19,query_subject_end,0.8688314420907894,0.6064943262723682,1.0,0.865944422424803,0.8987096490069142,0.8512353018892853,0.6064943262723682,0.7756378600823046,0.3269135802469136,1.0,0.7696296296296297,0.7681481481481481,0.7811111111111112,0.3269135802469136
19,19,question_end,0.7985202800898402,0.39556084026952043,1.0,0.7885674021226935,0.7827542167613512,0.7718324745673141,0.39556084026952043,0.807037037037037,0.4211111111111111,1.0,0.7962962962962963,0.7996296296296297,0.8055555555555556,0.4211111111111111
19,19,prompt_end,0.8090309889754995,0.42709296692649845,1.0,0.7811688025718941,0.7976835337120712,0.7919143876337694,0.42709296692649845,0.8135802469135803,0.4407407407407407,1.0,0.7907407407407407,0.8003703703703704,0.8011111111111112,0.4407407407407407
19,19,assistant_start,0.8033548147169498,0.41050483698125395,0.9997064047797302,0.7547892720306514,0.762584225128815,0.7562866076540274,0.41050483698125395,0.8051028806584362,0.41530864197530865,1.0,0.7922222222222223,0.7974074074074075,0.7940740740740742,0.41530864197530865
20,20,claim_answer_end,0.5287258456765658,0.5318477415187681,0.5208746201611838,0.5286695732593474,0.528449376844145,0.5287136125423878,0.5208746201611838,0.578724279835391,0.6176543209876543,0.5008641975308642,0.5792592592592594,0.5800000000000001,0.5777777777777777,0.5008641975308642
20,20,claim_end,0.8147389693829118,0.9709781124763289,0.5021432451079696,0.8147047166072136,0.814836834456335,0.8145285594750518,0.5021432451079696,0.7524279835390947,0.8790123456790124,0.49925925925925924,0.7537037037037038,0.75,0.7555555555555555,0.49925925925925924
20,20,context_end,0.7179504117672965,0.8203197251948737,0.5122576004462647,0.7180384903333773,0.7184348438807416,0.7169375082573656,0.5122576004462647,0.7743209876543209,0.9109876543209876,0.5009876543209877,0.7766666666666667,0.7740740740740741,0.7718518518518518,0.5009876543209877
20,20,query_subject_end,0.8634782225745364,0.5904346677236094,1.0,0.8579292729114371,0.9036860879904876,0.841326463205179,0.5904346677236094,0.7838683127572017,0.35172839506172837,1.0,0.7751851851851852,0.772962962962963,0.7870370370370371,0.35172839506172837
20,20,question_end,0.8229082563869194,0.468724769160758,1.0,0.8359536706742414,0.8396529704496412,0.7894041485004625,0.468724769160758,0.8009053497942388,0.402716049382716,1.0,0.788888888888889,0.7940740740740742,0.7962962962962963,0.402716049382716
20,20,prompt_end,0.8209949942014945,0.46298498260448323,1.0,0.8093099044347558,0.8055665653763158,0.7975514158629498,0.46298498260448323,0.8218518518518518,0.4666666666666666,1.0,0.802962962962963,0.8059259259259259,0.8040740740740742,0.4666666666666666
20,20,assistant_start,0.8020189564647221,0.4083762716342978,0.999251332188312,0.746069493988638,0.7606464966750341,0.7537763685207205,0.4083762716342978,0.798888888888889,0.3966666666666666,1.0,0.7955555555555556,0.7970370370370371,0.8037037037037038,0.3966666666666666
21,21,claim_answer_end,0.5286328738568136,0.5308495177698507,0.5214911701237505,0.5294622803540758,0.5279209054476592,0.5286695732593474,0.5214911701237505,0.555761316872428,0.5834567901234569,0.5003703703703705,0.5574074074074074,0.5581481481481482,0.554074074074074,0.5003703703703705
21,21,claim_end,0.8234636406785965,0.9836320664699579,0.5031267890958735,0.8233804553661866,0.8234685339322675,0.823512573215308,0.5031267890958735,0.7942798353909466,0.9418518518518519,0.4991358024691358,0.7937037037037037,0.7922222222222223,0.7962962962962963,0.4991358024691358
21,21,context_end,0.7580604121098242,0.8796699989724167,0.5142980872271399,0.7583784735984498,0.7584665521645307,0.7571013343902762,0.5142980872271399,0.7971193415637859,0.9451851851851852,0.5009876543209877,0.7977777777777777,0.7962962962962963,0.797037037037037,0.5009876543209877
21,21,query_subject_end,0.8758434746015669,0.6275304238047005,1.0,0.8807416215264017,0.9329281719293611,0.846170784339631,0.6275304238047005,0.7801646090534979,0.34185185185185185,0.9992592592592593,0.7688888888888888,0.7707407407407408,0.7796296296296296,0.34185185185185185
21,21,question_end,0.9186349779558923,0.7559049338676767,1.0,0.9435856784251553,0.9801823226317876,0.913418769542432,0.7559049338676767,0.8194238683127573,0.45827160493827157,1.0,0.8062962962962963,0.8400000000000001,0.8051851851851852,0.45827160493827157
21,21,prompt_end,0.8150007584543192,0.4450022753629571,1.0,0.8036288369225348,0.7990047122032854,0.7863213986876294,0.4450022753629571,0.820082304526749,0.4602469135802469,1.0,0.8029629629629631,0.8222222222222222,0.7992592592592593,0.4602469135802469
21,21,assistant_start,0.8084731580569868,0.4268580907502826,0.9997064047797302,0.7683974104901573,0.7742105958514995,0.7812568811379751,0.4268580907502826,0.8019753086419754,0.4059259259259259,1.0,0.7855555555555556,0.7770370370370371,0.7874074074074074,0.4059259259259259
22,22,claim_answer_end,0.5276199703468828,0.5296164178447175,0.5215352094067909,0.5277447483154974,0.5273043554850928,0.5277007090324569,0.5215352094067909,0.5870370370370371,0.6302469135802469,0.5006172839506173,0.587037037037037,0.587037037037037,0.5866666666666667,0.5006172839506173
22,22,claim_end,0.8275544007476892,0.988960819717855,0.5047415628073575,0.8273880301228695,0.8277843836702338,0.8274320694059101,0.5047415628073575,0.7993415637860082,0.9488888888888889,0.500246913580247,0.7985185185185186,0.798888888888889,0.8,0.500246913580247
22,22,context_end,0.7831579101892221,0.9173529454940474,0.5140044920068703,0.7837010613467212,0.7830845113841546,0.782556039987669,0.5140044920068703,0.8018518518518518,0.9522222222222223,0.5011111111111111,0.8051851851851851,0.7996296296296297,0.8007407407407408,0.5011111111111111
22,22,query_subject_end,0.8663505624795096,0.5990516874385284,1.0,0.8767780860527592,0.9319152684194302,0.8323864887479633,0.5990516874385284,0.7732921810699588,0.32209876543209875,0.9988888888888889,0.7581481481481481,0.7566666666666666,0.7707407407407407,0.32209876543209875
22,22,question_end,0.909533526127528,0.728600578382584,1.0,0.9570616990355396,0.9863478222574537,0.9235037653586999,0.728600578382584,0.8156378600823047,0.4469135802469136,1.0,0.798888888888889,0.8307407407407408,0.8011111111111111,0.4469135802469136
22,22,prompt_end,0.8287165484945906,0.4861496454837716,1.0,0.8268375390848637,0.8288193068216849,0.8037609547716564,0.4861496454837716,0.8207407407407409,0.4622222222222222,1.0,0.8096296296296297,0.8062962962962963,0.7996296296296297,0.4622222222222222
22,22,assistant_start,0.8067213732427103,0.42061919231954903,0.9999266011949325,0.7701589818117762,0.7750473422292685,0.7700268639626547,0.42061919231954903,0.8105761316872429,0.4320987654320988,1.0,0.7822222222222224,0.7848148148148149,0.8070370370370371,0.4320987654320988
23,23,claim_answer_end,0.5267440779397445,0.528764991705935,0.5215352094067909,0.5269520412207689,0.5260272162769191,0.5269080019377284,0.5215352094067909,0.5820987654320988,0.6228395061728395,0.5006172839506173,0.5825925925925926,0.5825925925925926,0.5814814814814815,0.5006172839506173
23,23,claim_end,0.8285428379892642,0.9907077112784602,0.5042130914108718,0.8285770907649623,0.8286211300480029,0.8283128550667195,0.5042130914108718,0.8005349794238683,0.9506172839506173,0.5003703703703705,0.8014814814814815,0.7996296296296297,0.8007407407407408,0.5003703703703705
23,23,context_end,0.8128746397341985,0.9655466009013374,0.5073985995507992,0.8128550667195138,0.8129431452855947,0.812414673889109,0.5073985995507992,0.8074485596707819,0.9606172839506173,0.5011111111111112,0.8085185185185185,0.8074074074074074,0.8066666666666666,0.5011111111111112
23,23,query_subject_end,0.9279076936627473,0.7837230809882415,1.0,0.9674109305500507,0.983397190293742,0.9194521513189766,0.7837230809882415,0.7854732510288066,0.3567901234567901,0.9996296296296296,0.7670370370370371,0.7833333333333334,0.7774074074074074,0.3567901234567901
23,23,question_end,0.9480238595049006,0.8440715785147018,1.0,0.9929537147135246,0.9981503501123001,0.9693486590038314,0.8440715785147018,0.8431687242798355,0.5295061728395062,1.0,0.8451851851851853,0.872962962962963,0.8200000000000001,0.5295061728395062
23,23,prompt_end,0.8408616041064185,0.5225848123192554,1.0,0.8502223983793543,0.8525564803804995,0.8310212709737086,0.5225848123192554,0.8363374485596708,0.5090123456790123,1.0,0.8451851851851853,0.8277777777777777,0.8507407407407407,0.5090123456790123
23,23,assistant_start,0.8098726286069398,0.4304399524375743,0.9998532023898651,0.7809486061566918,0.7804641740432466,0.7603822609767914,0.4304399524375743,0.818559670781893,0.4604938271604938,0.9979012345679013,0.7988888888888889,0.8048148148148149,0.8092592592592593,0.4604938271604938
24,24,claim_answer_end,0.5278401667620851,0.5303504058953921,0.5216232879728718,0.5280970625798213,0.5275685911833355,0.5277447483154974,0.5216232879728718,0.5225925925925926,0.5335802469135803,0.5006172839506173,0.5240740740740741,0.5225925925925926,0.522962962962963,0.5006172839506173
24,24,claim_end,0.8278382094606166,0.9911334243478517,0.5012477796861466,0.8280926586515172,0.8277403443871935,0.8276963051041529,0.5012477796861466,0.7973251028806584,0.9460493827160493,0.4998765432098765,0.7974074074074073,0.7996296296296297,0.7955555555555556,0.4998765432098765
24,24,context_end,0.8181887132210821,0.9759545514599022,0.5025983176993878,0.8180517021182895,0.8184920949486942,0.81809574140133,0.5025983176993878,0.8142798353909466,0.9709876543209875,0.5008641975308642,0.8137037037037036,0.8137037037037036,0.8148148148148149,0.5008641975308642
24,24,query_subject_end,0.9564940816096847,0.8694822448290541,1.0,0.9747654908178096,0.990575593429339,0.9457876425771788,0.8694822448290541,0.7697942386831275,0.3096296296296296,0.999753086419753,0.7544444444444445,0.7792592592592593,0.7655555555555554,0.3096296296296296
24,24,question_end,0.9666133302016511,0.899839990604953,1.0,0.9961685823754789,0.9976218787158145,0.9746774122517285,0.899839990604953,0.7958436213991771,0.3875308641975309,1.0,0.7818518518518519,0.8411111111111111,0.7725925925925926,0.3875308641975309
24,24,prompt_end,0.8354692385607962,0.5064077156823887,1.0,0.8354692385607962,0.8465230986039547,0.8245474963667592,0.5064077156823887,0.8323045267489713,0.4969135802469136,1.0,0.8237037037037038,0.8148148148148149,0.8492592592592593,0.4969135802469136
24,24,assistant_start,0.8101319710515112,0.4307775869408846,0.9999559607169595,0.7871581450653984,0.7807284097414895,0.7581362575417273,0.4307775869408846,0.8227160493827161,0.468641975308642,1.0,0.8033333333333335,0.79,0.8185185185185185,0.468641975308642
25,25,claim_answer_end,0.5272236167995185,0.5299246928260007,0.5215205296457773,0.5270841590698903,0.526775884088607,0.5272162769190117,0.5215205296457773,0.5604526748971194,0.5906172839506174,0.5001234567901235,0.5611111111111111,0.5596296296296296,0.5607407407407408,0.5001234567901235
25,25,claim_end,0.8293844776207042,0.9949208026893323,0.4983118274834486,0.8296340335579336,0.8293257585766504,0.8291496014444885,0.4983118274834486,0.8008641975308641,0.9513580246913581,0.49987654320987657,0.8011111111111111,0.8011111111111111,0.8007407407407408,0.49987654320987657
25,25,context_end,0.8169849728179759,0.9756462764786189,0.49955960716959524,0.8171268771744395,0.8174351521557228,0.8166424450609945,0.49955960716959524,0.8014814814814815,0.9520987654320988,0.500246913580247,0.8011111111111111,0.8022222222222222,0.802962962962963,0.500246913580247
25,25,query_subject_end,0.9640296922632767,0.8920890767898298,1.0,0.9787730655744925,0.9940987360725767,0.9553882062800019,0.8920890767898298,0.7818930041152263,0.3466666666666667,0.9995061728395062,0.7574074074074073,0.8044444444444445,0.777037037037037,0.3466666666666667
25,25,question_end,0.9831231680881569,0.9493695042644705,1.0,0.9972255251684503,0.9972695644514907,0.9860395472761705,0.9493695042644705,0.7959259259259259,0.3877777777777778,1.0,0.7729629629629631,0.8762962962962964,0.7681481481481482,0.3877777777777778
25,25,prompt_end,0.8174865313192703,0.4524595939578103,1.0,0.7969348659003832,0.8133174791914388,0.7866737129519532,0.4524595939578103,0.8133333333333335,0.44,1.0,0.7537037037037038,0.7744444444444445,0.81,0.44
25,25,assistant_start,0.8080670180022803,0.42424509328988125,1.0,0.7940723125027525,0.7864535165367509,0.7630686572422601,0.42424509328988125,0.808641975308642,0.42592592592592593,1.0,0.7703703703703704,0.7407407407407408,0.7951851851851853,0.42592592592592593
26,26,claim_answer_end,0.5266902521493617,0.5286622333788407,0.521270973708548,0.5263354912582023,0.5265997269564451,0.5266878055225261,0.521270973708548,0.5896296296296295,0.634567901234568,0.49975308641975313,0.5911111111111111,0.5903703703703703,0.5888888888888889,0.49975308641975313
26,26,claim_end,0.8298297637047802,0.9965942954448702,0.49630070022460027,0.8297661514070551,0.8298982692561765,0.829766151407055,0.49630070022460027,0.8234156378600823,0.9853086419753087,0.4996296296296296,0.8233333333333334,0.8233333333333334,0.8237037037037037,0.4996296296296296
26,26,context_end,0.8179685168058797,0.9802410416758415,0.4934528265879832,0.8181397806843704,0.818183819967411,0.8176113092878848,0.4934528265879832,0.7852674897119342,0.9280246913580247,0.4997530864197531,0.7859259259259259,0.7862962962962963,0.7829629629629631,0.4997530864197531
26,26,query_subject_end,0.964939837446113,0.8948195123383392,1.0,0.9815035011230018,0.9968732109041265,0.9579865239793897,0.8948195123383392,0.8276543209876543,0.4841975308641975,0.9991358024691358,0.7929629629629629,0.8922222222222222,0.8188888888888888,0.4841975308641975
26,26,question_end,0.9840969255687184,0.9522907767061551,1.0,0.9970934073193288,0.9959483859602765,0.983485268859823,0.9522907767061551,0.8202469135802469,0.4607407407407408,1.0,0.7844444444444445,0.9218518518518519,0.7785185185185186,0.4607407407407408
26,26,prompt_end,0.7974046182528148,0.3922138547584445,1.0,0.7536442506715991,0.7835028845730391,0.7504734222926851,0.3922138547584445,0.8000411522633745,0.40012345679012346,1.0,0.7377777777777779,0.7362962962962963,0.8200000000000001,0.40012345679012346
26,26,assistant_start,0.8157445330123358,0.44723359903700777,1.0,0.7924868983132956,0.799533183599771,0.7680450962258335,0.44723359903700777,0.7856790123456789,0.35827160493827165,0.9988888888888889,0.7140740740740741,0.7185185185185186,0.7344444444444446,0.35827160493827165
27,27,claim_answer_end,0.5263379378850379,0.5284420369636382,0.5207425023120623,0.5263795305412429,0.5267318448055666,0.5262914519751618,0.5207425023120623,0.592716049382716,0.6390123456790124,0.5001234567901235,0.5940740740740741,0.5925925925925926,0.5925925925925927,0.5001234567901235
27,27,claim_end,0.8298591232268072,0.9974897608666932,0.49459784794703543,0.8299863478222574,0.829854229973136,0.8297221121240146,0.49459784794703543,0.807201646090535,0.961358024691358,0.4988888888888889,0.8074074074074074,0.8059259259259259,0.8081481481481481,0.4988888888888889
27,27,context_end,0.8192945885507651,0.9814154225569207,0.4950529205384536,0.8194169198925441,0.8192407627603823,0.8191967234773417,0.4950529205384536,0.8043621399176955,0.9566666666666666,0.4997530864197531,0.8055555555555556,0.8055555555555556,0.802962962962963,0.4997530864197531
27,27,query_subject_end,0.9816258324647809,0.9448774973943425,1.0,0.9885938256925177,0.998414585810543,0.9782886334610473,0.9448774973943425,0.9021399176954733,0.7064197530864198,1.0,0.8911111111111112,0.9551851851851852,0.8981481481481483,0.7064197530864198
27,27,question_end,0.9909328009473339,0.9727984028420017,1.0,0.998414585810543,0.9978861144140573,0.9963887787906813,0.9727984028420017,0.9108230452674897,0.7324691358024692,1.0,0.902962962962963,0.9625925925925927,0.8937037037037037,0.7324691358024692
27,27,prompt_end,0.8038245670693814,0.41147370120814436,1.0,0.7508697758400493,0.7813889989870966,0.732461355529132,0.41147370120814436,0.8316460905349795,0.4949382716049383,1.0,0.8177777777777778,0.832962962962963,0.831851851851852,0.4949382716049383
27,27,assistant_start,0.8816762329775938,0.6450286989327814,1.0,0.9773638085171973,0.9921169683357556,0.9514687100893997,0.6450286989327814,0.8344855967078189,0.5075308641975308,0.9959259259259259,0.8374074074074074,0.8740740740740741,0.8111111111111111,0.5075308641975308
28,28,claim_answer_end,0.5259905168743852,0.5277520881960042,0.520610384462941,0.5258950984277976,0.525939137710838,0.5258510591447572,0.520610384462941,0.6114814814814815,0.6671604938271606,0.5001234567901235,0.6111111111111112,0.6111111111111112,0.6118518518518519,0.5001234567901235
28,28,claim_end,0.8290957756541057,0.9972548846904773,0.4927775575813626,0.8291936407275289,0.8289734443123267,0.8289294050292861,0.4927775575813626,0.8224279835390946,0.9838271604938272,0.49962962962962965,0.822962962962963,0.8211111111111111,0.822962962962963,0.49962962962962965
28,28,context_end,0.8200285766014397,0.9820319725194874,0.496021784765344,0.820253666270313,0.8202096269872727,0.8196371163077465,0.496021784765344,0.7965843621399177,0.9449382716049384,0.49987654320987657,0.797037037037037,0.7962962962962963,0.7962962962962964,0.49987654320987657
28,28,query_subject_end,0.9842779759545515,0.9528339278636543,1.0,0.9924252433170389,0.9986788215087858,0.9755141586294974,0.9528339278636543,0.9046090534979425,0.7138271604938272,1.0,0.9007407407407408,0.9666666666666668,0.902962962962963,0.7138271604938272
28,28,question_end,0.99243013657071,0.9772904097121299,1.0,0.996917250187167,0.996829171621086,0.997665917998855,0.9772904097121299,0.9252263374485596,0.775679012345679,1.0,0.9222222222222223,0.9644444444444444,0.9288888888888889,0.775679012345679
28,28,prompt_end,0.8176382221830762,0.4529146665492286,1.0,0.7895362663495838,0.8369665741841723,0.7349275553793985,0.4529146665492286,0.8110288065843622,0.4330864197530864,1.0,0.7574074074074075,0.8474074074074074,0.7966666666666667,0.4330864197530864
28,28,assistant_start,0.9951801451339038,0.9862450639303593,0.9992953714713524,0.9965649359228432,0.9970934073193288,0.996741093055005,0.9862450639303593,0.9812757201646091,0.9571604938271605,0.9875308641975309,1.0,0.9981481481481481,0.9981481481481481,0.9571604938271605
29,29,claim_answer_end,0.5252565288237108,0.5270474596673567,0.5203901880477386,0.5254987448804334,0.5247500770687453,0.5254987448804334,0.5203901880477386,0.6055555555555555,0.6585185185185185,0.49962962962962965,0.6055555555555556,0.6051851851851852,0.6066666666666667,0.49962962962962965
29,29,claim_end,0.8295117022161546,0.9978567548920304,0.492821596864403,0.8295459549918527,0.8295899942748932,0.8295019157088123,0.492821596864403,0.8268312757201646,0.990246913580247,0.49999999999999994,0.8274074074074074,0.825925925925926,0.8274074074074074,0.49999999999999994
29,29,context_end,0.8200824023918223,0.9814007427959073,0.49748976086669305,0.8205619412515964,0.8202536662703132,0.8195049984586251,0.49748976086669305,0.7932921810699589,0.94,0.4998765432098765,0.7922222222222222,0.7948148148148149,0.7925925925925925,0.4998765432098765
29,29,query_subject_end,0.9745550809099495,0.9236652427298484,1.0,0.988241511428194,0.9982824679614216,0.9666622627383625,0.9236652427298484,0.8966255144032922,0.6901234567901234,0.9998765432098766,0.895925925925926,0.9770370370370371,0.8885185185185186,0.6901234567901234
29,29,question_end,0.9968683176504554,0.9906049529513659,1.0,0.9981503501123001,0.9980182322631788,0.9972255251684502,0.9906049529513659,0.9172839506172838,0.7518518518518519,1.0,0.9159259259259259,0.9655555555555556,0.9099999999999999,0.7518518518518519
29,29,prompt_end,0.8341920993526226,0.5025762980578676,1.0,0.8410181882238957,0.8952305456467169,0.770423217510019,0.5025762980578676,0.8651028806584362,0.5964197530864198,0.9992592592592592,0.8607407407407408,0.932962962962963,0.888888888888889,0.5964197530864198
29,29,assistant_start,0.9913731937777386,0.9867588555658314,0.9875809221825869,0.9902673184480557,0.9913683005240674,0.9963447395076408,0.9867588555658314,0.9667078189300411,0.9576543209876542,0.9502469135802469,0.995925925925926,0.9925925925925926,0.9959259259259259,0.9502469135802469
30,30,claim_answer_end,0.5244931812510092,0.526460269226817,0.5194213238208483,0.5251904698991501,0.5232967807284098,0.5247941163517857,0.5194213238208483,0.6023456790123457,0.6535802469135803,0.49987654320987646,0.6022222222222222,0.6022222222222222,0.6022222222222222,0.49987654320987646
30,30,claim_end,0.829315972069308,0.9976218787158144,0.4927335182983221,0.8294138371427313,0.8293257585766503,0.8292376800105694,0.4927335182983221,0.8203292181069959,0.9806172839506173,0.4997530864197531,0.8200000000000001,0.821111111111111,0.8207407407407407,0.4997530864197531
30,30,context_end,0.8199992170794126,0.9814447820789477,0.4972402049294637,0.8206059805346368,0.8202977055533537,0.8192848020434227,0.4972402049294637,0.7885185185185186,0.9330864197530864,0.4993827160493827,0.7855555555555556,0.7885185185185185,0.7903703703703704,0.4993827160493827
30,30,query_subject_end,0.9598166008524047,0.8794498025572143,1.0,0.9867441758048179,0.9982824679614216,0.9550799312987184,0.8794498025572143,0.8658847736625513,0.598888888888889,0.9992592592592593,0.8466666666666667,0.9544444444444444,0.8314814814814815,0.598888888888889
30,30,question_end,0.9963251664929562,0.9889754994788685,1.0,0.9979741929801382,0.9978861144140573,0.9965208966398027,0.9889754994788685,0.939917695473251,0.8202469135802469,0.9997530864197531,0.9362962962962963,0.982962962962963,0.9440740740740741,0.8202469135802469
30,30,prompt_end,0.8817887778120306,0.6453663334360916,1.0,0.9684238340599814,0.9822962082177302,0.8618928083850794,0.6453663334360916,0.9734156378600824,0.9207407407407407,0.9995061728395063,0.9833333333333334,0.9977777777777778,0.9922222222222222,0.9207407407407407
30,30,assistant_start,0.9900862680622227,0.9884617078433963,0.9820906915635413,0.9871405293521821,0.9855551151627251,0.9963007002246004,0.9820906915635413,0.978559670781893,0.9832098765432098,0.957037037037037,0.9929629629629629,0.9911111111111112,0.9966666666666667,0.957037037037037
31,31,claim_answer_end,0.5268761957888659,0.5302916868513381,0.5202140309155767,0.5273483947681331,0.5262033734090809,0.526863962654688,0.5202140309155767,0.5327160493827159,0.5492592592592592,0.4996296296296296,0.5311111111111111,0.5318518518518518,0.534074074074074,0.4996296296296296
31,31,claim_end,0.8292866125472811,0.9978861144140574,0.4922344064238634,0.8293257585766505,0.8293257585766505,0.8292376800105695,0.4922344064238634,0.8174897119341563,0.9765432098765432,0.49938271604938267,0.8155555555555556,0.8181481481481482,0.8185185185185185,0.49938271604938267
31,31,context_end,0.8201460146895476,0.9812099059027319,0.4981650298733137,0.8208261769498392,0.8203417448363941,0.819681155590787,0.4981650298733137,0.7488888888888889,0.8745679012345678,0.49753086419753084,0.7470370370370372,0.7466666666666667,0.7503703703703704,0.49753086419753084
31,31,query_subject_end,0.9208026893322178,0.762408067996653,1.0,0.9809750297265161,0.9933941075439292,0.9126260624477034,0.762408067996653,0.8167078189300411,0.4512345679012345,0.9993827160493827,0.7711111111111112,0.8970370370370371,0.7803703703703704,0.4512345679012345
31,31,question_end,0.996471964103091,0.9894158923092732,1.0,0.9982384286783812,0.9981063108292597,0.9966530144889241,0.9894158923092732,0.9346090534979423,0.8097530864197531,0.9961728395061729,0.9148148148148149,0.971851851851852,0.9425925925925926,0.8097530864197531
31,31,prompt_end,0.9217275142760676,0.7651825428282027,1.0,0.9911921433919055,0.9904875148632579,0.9347337825340204,0.7651825428282027,0.938724279835391,0.8192592592592592,0.9970370370370369,0.91,0.98,0.965925925925926,0.8192592592592592
31,31,assistant_start,0.9868567206392547,0.9895333303973811,0.9718295386151115,0.9854229973136037,0.9826044831990136,0.9936143039591315,0.9718295386151115,0.9860082304526749,0.9974074074074075,0.961358024691358,0.9896296296296296,0.9925925925925926,0.9966666666666667,0.961358024691358
32,32,claim_answer_end,0.528016323894247,0.5314954272544443,0.5211388558594267,0.5287136125423879,0.5268199233716475,0.5278768661646189,0.5211388558594267,0.5516872427983539,0.5776543209876543,0.4997530864197531,0.5514814814814815,0.5518518518518518,0.5511111111111111,0.4997530864197531
32,32,claim_end,0.8299961343295998,0.9982090691563541,0.49357026467609105,0.8301184656713789,0.8298982692561765,0.8299863478222574,0.49357026467609105,0.8135390946502059,0.971358024691358,0.4979012345679012,0.8111111111111111,0.814074074074074,0.8148148148148148,0.4979012345679012
32,32,context_end,0.8208114971888257,0.9814154225569208,0.4997504440627707,0.821354648346325,0.8210023340820011,0.8203857841194345,0.4997504440627707,0.7069958847736627,0.811358024691358,0.49827160493827155,0.7037037037037037,0.7096296296296297,0.7081481481481482,0.49827160493827155
32,32,query_subject_end,0.907082006038275,0.7213634562029331,0.999941280955946,0.9686880697582244,0.9868762936539395,0.8738274540890474,0.7213634562029331,0.7951440329218107,0.38728395061728393,0.9988888888888888,0.7562962962962962,0.8225925925925927,0.7685185185185185,0.38728395061728393
32,32,question_end,0.9952535439389714,0.9867735353268449,0.9995449274085818,0.9980182322631788,0.9975338001497336,0.9964768573567622,0.9867735353268449,0.94559670781893,0.8459259259259259,0.9949382716049382,0.945925925925926,0.9707407407407408,0.9492592592592592,0.8459259259259259
32,32,prompt_end,0.9345380523871738,0.8036141571615214,1.0,0.9912802219579866,0.9939225789404149,0.9691725018716695,0.8036141571615214,0.8418518518518519,0.5483950617283951,0.9874074074074074,0.8214814814814815,0.8496296296296296,0.912962962962963,0.5483950617283951
32,32,assistant_start,0.9934870793636812,0.9902526386870422,0.9902673184480557,0.9927335182983221,0.9970934073193289,0.9887699828246796,0.9887699828246796,0.9920164609053498,0.9977777777777779,0.978395061728395,0.9959259259259259,1.0,0.997037037037037,0.978395061728395
33,33,claim_answer_end,0.5270425664136855,0.5303210463733651,0.5200378737834149,0.527524551900295,0.5265116483903642,0.5270841590698904,0.5200378737834149,0.5985185185185184,0.6479012345679013,0.4997530864197531,0.5985185185185186,0.5981481481481481,0.5985185185185186,0.4997530864197531
33,33,claim_end,0.8291349216834749,0.9971080870803424,0.4931885908897404,0.8293257585766504,0.8289734443123267,0.829105562161448,0.4931885908897404,0.8074485596707819,0.962716049382716,0.49691358024691357,0.8059259259259259,0.8066666666666666,0.8081481481481483,0.49691358024691357
33,33,context_end,0.8181153144160147,0.9766445002275362,0.5009835439879038,0.8179636235522086,0.8185361342317348,0.8174351521557229,0.5009835439879038,0.6718930041152263,0.7591358024691358,0.4974074074074074,0.6685185185185185,0.6718518518518519,0.6740740740740742,0.4974074074074074
33,33,query_subject_end,0.8864911945900187,0.6601928920597173,0.9996476857356763,0.925837847359845,0.9753380014973356,0.8601752763465011,0.6601928920597173,0.7873662551440329,0.3662962962962963,0.9977777777777778,0.7514814814814814,0.7740740740740741,0.767037037037037,0.3662962962962963
33,33,question_end,0.993330495246204,0.9843954140426594,0.9974163620616256,0.9971374466023692,0.9966970537719646,0.9932179504117673,0.9843954140426594,0.9195473251028807,0.7812345679012346,0.9861728395061728,0.9266666666666666,0.935925925925926,0.928888888888889,0.7812345679012346
33,33,prompt_end,0.9373076339650525,0.8119229018951571,1.0,0.9793015369709781,0.9941868146386577,0.9782445941780067,0.8119229018951571,0.9429218106995885,0.8335802469135802,0.9974074074074074,0.9370370370370371,0.9766666666666667,0.9737037037037037,0.8335802469135802
33,33,assistant_start,0.9933451750072175,0.9922197266628499,0.9878745174028567,0.9930858325626458,0.9961685823754789,0.9923812040339983,0.9878745174028567,0.9904526748971194,0.9975308641975309,0.975432098765432,0.9948148148148148,1.0,0.9966666666666666,0.975432098765432
34,34,claim_answer_end,0.5284126774416111,0.5326698081355236,0.5207865415951028,0.5294622803540758,0.5277447483154974,0.5281851411459022,0.5207865415951028,0.5776954732510289,0.6167901234567902,0.49950617283950616,0.5785185185185185,0.5774074074074074,0.5777777777777777,0.49950617283950616
34,34,claim_end,0.8286015570333182,0.9964621775957487,0.4928949956694705,0.8288413264632053,0.8285770907649623,0.8285330514819219,0.4928949956694705,0.7465432098765432,0.8706172839506173,0.49839506172839504,0.7462962962962962,0.7485185185185186,0.7466666666666666,0.49839506172839504
34,34,context_end,0.8204053571341192,0.9803878392859764,0.5004110333083778,0.820517901968556,0.8209142555159202,0.8199894305720703,0.5004110333083778,0.6927983539094651,0.7898765432098765,0.49864197530864196,0.6937037037037037,0.6925925925925925,0.6918518518518519,0.49864197530864196
34,34,query_subject_end,0.8694577785606984,0.6095477165631743,0.9994274893204739,0.8898577531157793,0.9587351917910777,0.8485489056238165,0.6095477165631743,0.7770781893004115,0.3392592592592593,0.9954320987654321,0.7459259259259259,0.7425925925925927,0.76,0.3392592592592593
34,34,question_end,0.985427890567275,0.9717414600490304,0.9909425874546762,0.992249086184877,0.9955520324129123,0.9892984542211652,0.9717414600490304,0.8766255144032922,0.6918518518518517,0.9634567901234568,0.8785185185185185,0.9040740740740741,0.8985185185185186,0.6918518518518517
34,34,prompt_end,0.9393579072532698,0.8180737217598099,1.0,0.9703615625137623,0.9955079931298718,0.9761747478751045,0.8180737217598099,0.9290534979423868,0.8264197530864198,0.9771604938271605,0.9444444444444444,0.9603703703703703,0.9596296296296296,0.8264197530864198
34,34,assistant_start,0.9877032535243659,0.984057779539349,0.9792428179269241,0.9943629717708196,0.9979741929801382,0.9835733474259039,0.9792428179269241,0.9851851851851852,0.9864197530864198,0.9724691358024691,0.997037037037037,1.0,0.9955555555555555,0.9724691358024691
35,35,claim_answer_end,0.5317645562063583,0.5379178226978465,0.521270973708548,0.5321927159025852,0.5317963623552209,0.531532126656978,0.521270973708548,0.5563786008230454,0.5848148148148148,0.4995061728395061,0.5585185185185185,0.5559259259259259,0.5562962962962963,0.4995061728395061
35,35,claim_end,0.8267078678625779,0.9936436634811585,0.49290967543048403,0.8265953230281411,0.826683401594222,0.8265953230281412,0.49290967543048403,0.7363786008230453,0.8556790123456791,0.49777777777777776,0.7351851851851852,0.7381481481481481,0.7355555555555555,0.49777777777777776
35,35,context_end,0.8226807200912103,0.9840137402563086,0.5000146797610134,0.8229841018188224,0.8230281411018628,0.822191394724094,0.5000146797610134,0.6795884773662552,0.7695061728395063,0.4997530864197531,0.6788888888888889,0.6807407407407408,0.6785185185185185,0.4997530864197531
35,35,query_subject_end,0.8548318433375905,0.5658754275480395,0.9993540905154065,0.8503985555115163,0.9342493504205752,0.8437926630554454,0.5658754275480395,0.7703292181069958,0.3185185185185185,0.9960493827160495,0.7392592592592593,0.721851851851852,0.7559259259259259,0.3185185185185185
35,35,question_end,0.9867539623121603,0.9669705377196459,0.996197941897506,0.982648522482054,0.9931298718456864,0.9892103756550843,0.9669705377196459,0.7990534979423868,0.5060493827160494,0.9382716049382716,0.7992592592592593,0.8266666666666667,0.8155555555555556,0.5060493827160494
35,35,prompt_end,0.9759251919378752,0.9277755758136258,1.0,0.9820760118025279,0.9971814858854098,0.9908398291275817,0.9277755758136258,0.9188065843621399,0.8037037037037038,0.9719753086419753,0.9451851851851851,0.9385185185185185,0.9477777777777778,0.8037037037037038
35,35,assistant_start,0.9661827238785885,0.9280544912728821,0.9717854993320709,0.991324261241027,0.9951116395825076,0.9427048927643459,0.9280544912728821,0.9629218106995885,0.9267901234567901,0.9681481481481482,0.9981481481481481,0.9951851851851852,0.9585185185185184,0.9267901234567901
36,36,claim_answer_end,0.5320924042023263,0.5377416655656846,0.5216673272559122,0.5321486766195447,0.5320165587704232,0.5319284802043422,0.5216673272559122,0.5671604938271605,0.6009876543209878,0.49950617283950616,0.5681481481481482,0.5662962962962963,0.5674074074074075,0.49950617283950616
36,36,claim_end,0.8268448789653704,0.9938198206133204,0.492968394474538,0.8270797551415863,0.826771480160303,0.8266393623111816,0.492968394474538,0.7274074074074074,0.8416049382716049,0.4990123456790123,0.7277777777777777,0.7285185185185186,0.7244444444444444,0.4990123456790123
36,36,context_end,0.8217656816547027,0.9823696070227976,0.5005431511574991,0.8219711983088915,0.8223675518562558,0.8210463733650416,0.5005431511574991,0.6974897119341564,0.7960493827160493,0.5003703703703704,0.695925925925926,0.6966666666666667,0.697037037037037,0.5003703703703704
36,36,query_subject_end,0.84276018653083,0.5313045903612689,0.9985467036596644,0.8207601180252786,0.9074734663319681,0.8325186065970845,0.5313045903612689,0.7657201646090535,0.30777777777777776,0.9941975308641975,0.7348148148148148,0.7188888888888889,0.757037037037037,0.30777777777777776
36,36,question_end,0.9824478990815363,0.9551239705817589,0.9955079931298718,0.9697450125511957,0.9913683005240674,0.9884617078433963,0.9551239705817589,0.7972427983539094,0.51,0.9338271604938271,0.7922222222222223,0.8170370370370371,0.8166666666666667,0.51
36,36,prompt_end,0.9777552688108904,0.9332658064326712,1.0,0.9796538512353019,0.9973136037345312,0.991412339807108,0.9332658064326712,0.9229218106995885,0.8048148148148148,0.9780246913580246,0.938888888888889,0.9348148148148149,0.9522222222222223,0.8048148148148148
36,36,assistant_start,0.956738744293243,0.9005152596115734,0.9704202815578162,0.99348218611001,0.9956401109789933,0.924913022415995,0.9005152596115734,0.9508230452674897,0.8933333333333333,0.9664197530864198,0.9977777777777778,0.9855555555555555,0.9303703703703703,0.8933333333333333
37,37,claim_answer_end,0.5320385784119435,0.5372131941691989,0.5214030915576695,0.532368873034747,0.5319725194873828,0.5320605980534637,0.5214030915576695,0.5649794238683127,0.5977777777777779,0.4993827160493827,0.5662962962962963,0.5640740740740741,0.5644444444444445,0.4993827160493827
37,37,claim_end,0.8215112324638021,0.9854523568356307,0.49348218611001016,0.8215308054784868,0.8220592768749724,0.8211344519311226,0.49348218611001016,0.6996296296296297,0.7996296296296297,0.49962962962962965,0.697037037037037,0.7014814814814815,0.6985185185185184,0.49962962962962965
37,37,context_end,0.8178559719714431,0.9755435181515245,0.5024661998502664,0.81809574140133,0.8178315057030872,0.8173030343066015,0.5024661998502664,0.6182716049382717,0.6764197530864197,0.5019753086419754,0.6151851851851852,0.615925925925926,0.6192592592592593,0.5019753086419754
37,37,query_subject_end,0.8326751907145618,0.5030754099323262,0.9977099572818955,0.803276522658211,0.8772184788831638,0.8226978464790593,0.5030754099323262,0.7576131687242798,0.29123456790123453,0.9906172839506173,0.7322222222222223,0.7211111111111111,0.7503703703703704,0.29123456790123453
37,37,question_end,0.9844590263403845,0.9561368740916898,0.9982824679614216,0.9660016734927555,0.9937904610912935,0.9892984542211654,0.9561368740916898,0.7872427983539094,0.47765432098765437,0.9346913580246913,0.7755555555555556,0.7970370370370371,0.7951851851851852,0.47765432098765437
37,37,prompt_end,0.9842926557155649,0.9528926469077084,1.0,0.9853349187475228,0.9977099572818954,0.9940987360725768,0.9528926469077084,0.8660082304526749,0.6939506172839506,0.9465432098765432,0.9114814814814814,0.9225925925925926,0.9307407407407408,0.6939506172839506
37,37,assistant_start,0.9353356527355735,0.8334287517799209,0.974090221811189,0.993834500374334,0.9942748932047386,0.8780111859778923,0.8334287517799209,0.9259670781893005,0.8272839506172838,0.9614814814814815,0.9948148148148148,0.961851851851852,0.8751851851851852,0.8272839506172838
38,38,claim_answer_end,0.5325474767937444,0.5374774298674417,0.5219315629541551,0.5327652265821112,0.532456951600828,0.5323248337517066,0.5219315629541551,0.5837448559670783,0.625925925925926,0.4993827160493827,0.5833333333333334,0.5840740740740741,0.5837037037037037,0.4993827160493827
38,38,claim_end,0.818452948919325,0.9807695130723272,0.49359962419811804,0.8185361342317347,0.8191086449112609,0.8176113092878848,0.49359962419811804,0.7095473251028807,0.8145679012345679,0.4995061728395062,0.7125925925925927,0.7070370370370371,0.7096296296296297,0.4995061728395062
38,38,context_end,0.8193043750581073,0.9782152346559797,0.5014239368183087,0.8194169198925442,0.8199453912890299,0.8188003699299775,0.5014239368183087,0.6539506172839507,0.7296296296296296,0.5025925925925927,0.6499999999999999,0.6533333333333333,0.6599999999999999,0.5025925925925927
38,38,query_subject_end,0.836961680930501,0.5144228651957546,0.9982237489173675,0.8142423041352886,0.8677940723125028,0.8361738670894437,0.5144228651957546,0.7618106995884774,0.2920987654320988,0.9964197530864197,0.7374074074074074,0.7207407407407408,0.7559259259259259,0.2920987654320988
38,38,question_end,0.9789541159603256,0.9394166262973239,0.9985320238986509,0.9630950808120844,0.9939666182234552,0.9815035011230017,0.9394166262973239,0.7818930041152263,0.45654320987654323,0.9385185185185184,0.7703703703703704,0.7811111111111112,0.7762962962962963,0.45654320987654323
38,38,prompt_end,0.9912459691822884,0.9737525873078786,1.0,0.9862157044083322,0.9978861144140574,0.9938785396573744,0.9737525873078786,0.8297942386831275,0.6485185185185185,0.909753086419753,0.8896296296296295,0.8862962962962964,0.9022222222222223,0.6485185185185185
38,38,assistant_start,0.8951571468416494,0.7219212871214457,0.967689846009307,0.9939225789404149,0.9925133218831197,0.7589730039194962,0.7219212871214457,0.8871604938271604,0.7260493827160494,0.9562962962962962,0.9903703703703705,0.9481481481481482,0.7755555555555556,0.7260493827160494
39,39,claim_answer_end,0.5327481001942622,0.5377710250877116,0.5217994451050337,0.5328092658651518,0.5325450301669089,0.5328973444312326,0.5217994451050337,0.5775720164609054,0.6166666666666667,0.49938271604938267,0.5788888888888889,0.575925925925926,0.5770370370370371,0.49938271604938267
39,39,claim_end,0.8173421803359707,0.9792721774489511,0.49340878730494264,0.8176113092878848,0.8179195842691681,0.8165103272118729,0.49340878730494264,0.7365432098765432,0.8555555555555556,0.4985185185185185,0.7355555555555555,0.7385185185185186,0.7348148148148148,0.4985185185185185
39,39,context_end,0.8182278592504514,0.9766591799885498,0.5013358582522276,0.8183159378165324,0.8184480556656537,0.8178315057030872,0.5013358582522276,0.6327983539094651,0.6990123456790123,0.5003703703703704,0.6355555555555555,0.6270370370370371,0.6377777777777778,0.5003703703703704
39,39,query_subject_end,0.8221106560385197,0.4709707725958222,0.9977539965649359,0.7863654379706698,0.8289514246708064,0.8337076672391774,0.4709707725958222,0.764320987654321,0.3008641975308642,0.9960493827160495,0.7322222222222222,0.7240740740740741,0.7559259259259259,0.3008641975308642
39,39,question_end,0.9706649442413744,0.9179841752176274,0.9971668061243962,0.9663099484740388,0.9943629717708196,0.9585590346589157,0.9179841752176274,0.7821399176954733,0.4671604938271605,0.9337037037037037,0.7655555555555555,0.7837037037037038,0.7799999999999999,0.4671604938271605
39,39,prompt_end,0.9931102988310017,0.9799768059775987,0.9998532023898652,0.9853349187475227,0.9980182322631788,0.993746421808253,0.9799768059775987,0.7574897119341564,0.5551851851851851,0.8480246913580247,0.7974074074074075,0.8088888888888889,0.8488888888888889,0.5551851851851851
39,39,assistant_start,0.8810694695223695,0.686807298777176,0.9629189236799225,0.9947152860351434,0.9939225789404149,0.715109878011186,0.686807298777176,0.8460082304526749,0.6183950617283951,0.9493827160493826,0.9677777777777778,0.9244444444444445,0.71,0.6183950617283951
40,40,claim_answer_end,0.5323272803785422,0.5371544751251449,0.5219315629541551,0.5329413837142731,0.5321927159025852,0.5321927159025851,0.5219315629541551,0.5334979423868313,0.5506172839506173,0.49925925925925924,0.532962962962963,0.5333333333333333,0.5340740740740741,0.49925925925925924
40,40,claim_end,0.8182523255188072,0.9806373952232058,0.49330602897784825,0.8184480556656538,0.8190646056282204,0.8172589950235611,0.49330602897784825,0.7015226337448559,0.8017283950617283,0.5011111111111112,0.702962962962963,0.6977777777777778,0.7022222222222223,0.5011111111111112
40,40,context_end,0.8188248361983334,0.9788171048575328,0.4988843381629747,0.8185801735147752,0.8196371163077465,0.8183599770995729,0.4988843381629747,0.5393415637860083,0.5592592592592593,0.4995061728395061,0.5411111111111111,0.5337037037037037,0.5429629629629629,0.4995061728395061
40,40,query_subject_end,0.8255555066230188,0.48811673345957934,0.9946712467521028,0.8124807328136698,0.8245034570837187,0.83582155282512,0.48811673345957934,0.7784773662551441,0.3648148148148148,0.9875308641975309,0.778148148148148,0.7685185185185185,0.7740740740740741,0.3648148148148148
40,40,question_end,0.9590043207429917,0.8884044567754436,0.9939519384624419,0.9437177962742767,0.993658343242172,0.951776985070683,0.8884044567754436,0.8007818930041152,0.5193827160493828,0.9367901234567901,0.7822222222222223,0.8159259259259259,0.8151851851851852,0.5193827160493828
40,40,prompt_end,0.9939666182234553,0.9843807342816459,0.9988549786409477,0.9912361826749461,0.997665917998855,0.9926454397322412,0.9843807342816459,0.6908641975308643,0.6517283950617284,0.708888888888889,0.8437037037037036,0.7374074074074074,0.7851851851851852,0.6517283950617284
40,40,assistant_start,0.8700009297181975,0.6778232850369195,0.9499273351829832,0.9926454397322412,0.9922931254679173,0.685823754789272,0.6778232850369195,0.8539506172839506,0.6397530864197531,0.9490123456790123,0.9796296296296296,0.9314814814814816,0.7207407407407408,0.6397530864197531
41,41,claim_answer_end,0.5337169644211526,0.5379765417419005,0.5220636808032765,0.5340864050733254,0.533690051525961,0.5336460122429207,0.5220636808032765,0.568641975308642,0.6032098765432099,0.49950617283950616,0.5670370370370371,0.5703703703703704,0.5688888888888889,0.49950617283950616
41,41,claim_end,0.8160112153374143,0.9772170109070624,0.49355558491507756,0.8162460915136303,0.8170828378913991,0.8145725987580923,0.49355558491507756,0.7689300411522634,0.9046913580246914,0.4974074074074074,0.7692592592592593,0.7692592592592593,0.7696296296296297,0.4974074074074074
41,41,context_end,0.8214378336587348,0.982707241526108,0.49895773696804213,0.8207380983837583,0.8216629233276082,0.8214427269124057,0.49895773696804213,0.6204115226337448,0.681358024691358,0.4985185185185185,0.6233333333333333,0.6129629629629629,0.6222222222222222,0.4985185185185185
41,41,query_subject_end,0.796240023879078,0.39457729628161653,0.9972989239735177,0.7408728585898622,0.7599859074294271,0.8225657286299379,0.39457729628161653,0.7631687242798354,0.3004938271604938,0.9949382716049383,0.7244444444444444,0.7303703703703704,0.7366666666666666,0.3004938271604938
41,41,question_end,0.9601395555947017,0.9083248924707507,0.9843954140426594,0.9294490685691637,0.9916765755053507,0.9537587528075042,0.9083248924707507,0.8010288065843622,0.5492592592592593,0.9190123456790124,0.7903703703703705,0.8114814814814815,0.8237037037037037,0.5492592592592593
41,41,prompt_end,0.9929781809818803,0.9842486164325245,0.9973136037345312,0.9919848504866341,0.9980622715462193,0.991148104108865,0.9842486164325245,0.6361728395061729,0.5579012345679012,0.6749382716049384,0.7644444444444445,0.6081481481481482,0.7462962962962962,0.5579012345679012
41,41,assistant_start,0.8531338843136967,0.6656537631567357,0.9287444400405162,0.9933941075439292,0.9931739111287268,0.6378649755581979,0.6378649755581979,0.8395884773662552,0.6011111111111112,0.9476543209876542,0.961851851851852,0.9355555555555556,0.6485185185185185,0.6011111111111112
42,42,claim_answer_end,0.5344509524718271,0.53948855712629,0.5220636808032765,0.5343506407715682,0.5349671907341348,0.5341744836394064,0.5220636808032765,0.5588888888888889,0.5883950617283951,0.4998765432098765,0.5592592592592592,0.5592592592592592,0.5585185185185185,0.4998765432098765
42,42,claim_end,0.815639328058406,0.9766591799885498,0.49351154563203714,0.8157176201171444,0.8166864843440349,0.8143524023428899,0.49351154563203714,0.7692592592592593,0.9051851851851851,0.49740740740740746,0.7666666666666667,0.7688888888888888,0.7725925925925925,0.49740740740740746
42,42,context_end,0.8207723511594565,0.9820172927584739,0.49837054652750257,0.8206059805346368,0.8212225304972035,0.8204738626855155,0.49837054652750257,0.6370370370370371,0.7062962962962963,0.4985185185185185,0.6388888888888888,0.6337037037037037,0.6355555555555555,0.4985185185185185
42,42,query_subject_end,0.7921394773026429,0.38446294094332145,0.9962126216585194,0.735544105341965,0.7555819791253799,0.8140661470031267,0.38446294094332145,0.7596296296296295,0.29851851851851846,0.990246913580247,0.7200000000000001,0.7274074074074073,0.7355555555555555,0.29851851851851846
42,42,question_end,0.9482685221884588,0.9072679496777792,0.9652383259200541,0.925837847359845,0.9882855507112345,0.9551680098647994,0.9072679496777792,0.8171604938271605,0.6148148148148147,0.9082716049382716,0.8188888888888889,0.8285185185185187,0.838888888888889,0.6148148148148147
42,42,prompt_end,0.9933402817535464,0.985643193728806,0.9970346882752749,0.9931298718456864,0.9977980358479763,0.9910600255427842,0.985643193728806,0.621522633744856,0.5324691358024691,0.6639506172839507,0.7340740740740741,0.6651851851851851,0.6788888888888889,0.5324691358024691
42,42,assistant_start,0.8528647553617827,0.6636719954199146,0.9284068055372059,0.9912802219579865,0.9911481041088652,0.6361034042365791,0.6361034042365791,0.8428395061728395,0.6079012345679011,0.9490123456790124,0.9648148148148148,0.9403703703703704,0.6470370370370371,0.6079012345679011
43,43,claim_answer_end,0.5338392957629317,0.5384462940943321,0.5220636808032765,0.5342185229224469,0.5337340908090016,0.5336460122429206,0.5220636808032765,0.548724279835391,0.5732098765432099,0.4997530864197531,0.5481481481481483,0.5488888888888889,0.5481481481481482,0.4997530864197531
43,43,claim_end,0.8162901307966707,0.9774225275612513,0.4939959777454823,0.816334170079711,0.8175232307218039,0.8151891487206588,0.4939959777454823,0.7806995884773663,0.9213580246913581,0.4993827160493827,0.7781481481481481,0.7837037037037037,0.7785185185185185,0.4993827160493827
43,43,context_end,0.8213057158096133,0.9830448760294183,0.49787143465304384,0.8208702162328797,0.8217069626106488,0.8212665697802439,0.49787143465304384,0.6321399176954732,0.6988888888888889,0.49864197530864196,0.6333333333333333,0.6237037037037038,0.6333333333333334,0.49864197530864196
43,43,query_subject_end,0.790495344069132,0.38227565655231127,0.9949061229283187,0.7407847800237811,0.7551415862949752,0.8080327652265821,0.38227565655231127,0.7567489711934157,0.30345679012345683,0.9835802469135804,0.721851851851852,0.7348148148148148,0.7351851851851852,0.30345679012345683
43,43,question_end,0.8955975396720541,0.8575475991250862,0.9051247045698096,0.8974325097987406,0.9748095301008499,0.9223147047166073,0.8575475991250862,0.8118518518518518,0.6332098765432098,0.8911111111111111,0.8211111111111111,0.8311111111111111,0.8307407407407408,0.6332098765432098
43,43,prompt_end,0.9924692826000793,0.9823696070227976,0.9973576430175717,0.9905315541462985,0.9970934073193289,0.9898709649006914,0.9823696070227976,0.587119341563786,0.4338271604938272,0.661358024691358,0.6525925925925926,0.6925925925925925,0.6007407407407408,0.4338271604938272
43,43,assistant_start,0.8515337903632263,0.6663583916853834,0.9266892734986274,0.9930417932796054,0.992909675430484,0.6161536090192452,0.6161536090192452,0.8525102880658436,0.638641975308642,0.9487654320987654,0.9807407407407407,0.9533333333333334,0.6492592592592593,0.638641975308642
44,44,claim_answer_end,0.5338735485386298,0.5387839285976425,0.5220636808032765,0.5334258158277183,0.5347469943189325,0.5336900515259612,0.5220636808032765,0.542469135802469,0.5638271604938273,0.4997530864197531,0.5425925925925925,0.542962962962963,0.542962962962963,0.4997530864197531
44,44,claim_end,0.8158399514589236,0.9767912978376712,0.49384918013534734,0.8161580129475492,0.8173030343066015,0.8144845201920112,0.49384918013534734,0.7524279835390947,0.8777777777777778,0.5017283950617283,0.7488888888888889,0.7603703703703704,0.7525925925925926,0.5017283950617283
44,44,context_end,0.8216971761033063,0.9833825105327285,0.4983118274834486,0.8210904126480821,0.8223235125732153,0.8214427269124058,0.4983118274834486,0.6049382716049383,0.6586419753086421,0.49753086419753084,0.6018518518518519,0.5933333333333334,0.6133333333333334,0.49753086419753084
44,44,query_subject_end,0.7970523039884911,0.39676458067262665,0.9973136037345312,0.7466860439512045,0.757079314748756,0.8274100497643899,0.39676458067262665,0.7670781893004115,0.328641975308642,0.9866666666666666,0.7307407407407407,0.7418518518518519,0.7359259259259259,0.328641975308642
44,44,question_end,0.8601948493611858,0.8265733033866208,0.8649755581979125,0.85634385872198,0.9607169595278988,0.9002950631963712,0.8265733033866208,0.8093415637860082,0.6537037037037037,0.8738271604938271,0.8333333333333333,0.835925925925926,0.8085185185185185,0.6537037037037037
44,44,prompt_end,0.9908887616642934,0.980197002392801,0.9958015883501417,0.9892544149381248,0.9963447395076408,0.9881534328621131,0.980197002392801,0.6026748971193415,0.4403703703703704,0.6824691358024693,0.6655555555555556,0.7422222222222223,0.6037037037037037,0.4403703703703704
44,44,assistant_start,0.8549590679330408,0.6708503985555117,0.9295371471352447,0.993746421808253,0.993658343242172,0.6298938653278725,0.6298938653278725,0.8497530864197531,0.6339506172839506,0.9453086419753085,0.981851851851852,0.9444444444444445,0.6707407407407407,0.6339506172839506
45,45,claim_answer_end,0.5318428482650969,0.5353635442814991,0.5221957986523978,0.533117540846435,0.5305632624300876,0.5321927159025851,0.5221957986523978,0.5518930041152263,0.5779012345679013,0.49987654320987657,0.5507407407407408,0.5525925925925925,0.5518518518518518,0.49987654320987657
45,45,claim_end,0.8167158438660618,0.9780831168068583,0.49393725870142835,0.8167745629101159,0.8180517021182896,0.8152331880036994,0.49393725870142835,0.7505761316872428,0.8766666666666667,0.49839506172839504,0.75,0.7537037037037038,0.7511111111111111,0.49839506172839504
45,45,context_end,0.8194658524292557,0.9801089238267201,0.4979301536970978,0.8191526841943013,0.820605980534637,0.8188884484960585,0.4979301536970978,0.5953497942386831,0.6435802469135802,0.4988888888888889,0.5866666666666668,0.5866666666666667,0.6111111111111112,0.4988888888888889
45,45,query_subject_end,0.8241022102826833,0.47317273674784577,0.9995449274085817,0.7772052670982517,0.7729334566433259,0.8993702382525213,0.47317273674784577,0.7816872427983539,0.3737037037037037,0.9859259259259259,0.7544444444444445,0.7625925925925926,0.7285185185185186,0.3737037037037037
45,45,question_end,0.8138263775732397,0.8172956944260947,0.7961274790446411,0.8265733033866208,0.9613775487735059,0.8860263354912582,0.7961274790446411,0.7923456790123456,0.6946913580246915,0.8249382716049383,0.8411111111111111,0.8537037037037036,0.7548148148148147,0.6946913580246915
45,45,prompt_end,0.9895626899194081,0.9767325787936173,0.9954345943248044,0.987404765050425,0.995419914563791,0.9878891971638702,0.9767325787936173,0.5905349794238683,0.3371604938271605,0.7125925925925926,0.6511111111111112,0.7414814814814815,0.5925925925925926,0.3371604938271605
45,45,assistant_start,0.8364381027876866,0.6735514745819938,0.8948929111434065,0.9931739111287268,0.9930858325626459,0.604747434711763,0.604747434711763,0.8774485596707818,0.7065432098765432,0.9504938271604939,0.9918518518518519,0.9944444444444445,0.682962962962963,0.682962962962963
46,46,claim_answer_end,0.5294060079368574,0.5334258158277183,0.5216673272559124,0.5306073017131281,0.5281851411459021,0.5295503589201569,0.5216673272559124,0.5562962962962963,0.5848148148148149,0.49925925925925924,0.5551851851851852,0.5548148148148149,0.5585185185185186,0.49925925925925924
46,46,claim_end,0.8191037516575896,0.9797712893234098,0.4978273953700034,0.8184040163826133,0.8201215484211917,0.818932487779099,0.4978273953700034,0.648641975308642,0.7217283950617285,0.5024691358024692,0.63,0.6666666666666667,0.6496296296296297,0.5024691358024692
46,46,context_end,0.8094934014474244,0.9665741841722817,0.4943336122487926,0.8066895670938476,0.8110934953978949,0.8106971418505308,0.4943336122487926,0.6393415637860084,0.7085185185185185,0.5009876543209877,0.6251851851851852,0.6325925925925926,0.6562962962962964,0.5009876543209877
46,46,query_subject_end,0.8488620738587709,0.546982575123677,0.9997651238237842,0.821728982252169,0.8110274364733343,0.9220945083014047,0.546982575123677,0.790246913580247,0.3961728395061728,0.9861728395061728,0.7825925925925925,0.7544444444444445,0.7429629629629629,0.3961728395061728
46,46,question_end,0.8457059252408704,0.8065354296032059,0.8413851822492331,0.8732549434095214,0.9448187783502885,0.9098075483331132,0.8065354296032059,0.8011111111111111,0.7093827160493826,0.8200000000000001,0.8585185185185185,0.8511111111111112,0.7577777777777778,0.7093827160493826
46,46,prompt_end,0.9880066352519781,0.9660016734927556,0.999192613144258,0.9855551151627251,0.9945391289029815,0.9842779759545515,0.9660016734927556,0.615761316872428,0.29185185185185186,0.7719753086419754,0.6262962962962962,0.8385185185185186,0.4537037037037037,0.29185185185185186
46,46,assistant_start,0.8299202888976966,0.6806564789125233,0.8790240894878232,0.9948033646012242,0.9941427753556172,0.5967322851983969,0.5967322851983969,0.8762551440329218,0.7020987654320986,0.9474074074074074,0.9881481481481482,0.9914814814814815,0.6874074074074074,0.6874074074074074
47,47,claim_answer_end,0.530947382843274,0.5358479763949443,0.5219315629541551,0.5320605980534636,0.5294182410710353,0.5308274981283304,0.5219315629541551,0.5468724279835391,0.5708641975308643,0.49888888888888894,0.5459259259259259,0.5466666666666667,0.5481481481481482,0.49888888888888894
47,47,claim_end,0.8169702930569624,0.977980358479764,0.49521439790960203,0.8167745629101159,0.8171268771744397,0.8171268771744395,0.49521439790960203,0.6448971193415639,0.7179012345679012,0.4988888888888889,0.6470370370370371,0.6374074074074074,0.6466666666666667,0.4988888888888889
47,47,context_end,0.8160454681131125,0.9761747478751046,0.49553735265189885,0.8145725987580921,0.8176993878539658,0.8155855022680231,0.49553735265189885,0.652716049382716,0.7282716049382716,0.5016049382716049,0.6496296296296297,0.652962962962963,0.6599999999999999,0.5016049382716049
47,47,query_subject_end,0.8689586666862397,0.6140837627163429,0.9958749871552091,0.8528647553617826,0.8678381115955431,0.9080900162945348,0.6140837627163429,0.7878189300411522,0.40172839506172836,0.9825925925925926,0.7925925925925926,0.7637037037037038,0.7714814814814814,0.40172839506172836
47,47,question_end,0.8930383680020355,0.7161815005651708,0.9757783943277404,0.8981811776104285,0.8907825780596292,0.8892412031532126,0.7161815005651708,0.7010288065843621,0.4165432098765432,0.8260493827160494,0.6885185185185185,0.7614814814814815,0.6329629629629631,0.4165432098765432
47,47,prompt_end,0.9857068060265313,0.9608637571380338,0.9981209905902731,0.9841018188223896,0.993746421808253,0.9793455762540186,0.9608637571380338,0.582716049382716,0.36407407407407405,0.6744444444444444,0.49222222222222217,0.8414814814814815,0.3140740740740741,0.3140740740740741
47,47,assistant_start,0.875315003205081,0.7729040971212988,0.9131104945611485,0.9950676002994672,0.9964328180737219,0.6345620293301626,0.6345620293301626,0.8710288065843622,0.7738271604938272,0.9076543209876543,0.9359259259259259,0.9818518518518519,0.6659259259259259,0.6659259259259259
