analysis_split,condition_id,policy_id,n,unique_facts,generated_parametric_rate,generated_context_rate,distinct_candidate_n,distinct_generated_parametric_rate,distinct_generated_context_rate,other_rate,unparseable_rate,irrelevant_claim_rate,policy_compliance_rate,mean_context_minus_parametric_margin,mean_parametric_answer_logprob,mean_awareness_probe_logit
id_test,false_irrelevant,context,28,28,0.5714285714285714,0.0,28,0.5714285714285714,0.0,0.03571428571428571,0.39285714285714285,0.0,,,-1.1054828677858626,-2.792990582311642
id_test,false_irrelevant,neutral,28,28,1.0,0.0,28,1.0,0.0,0.0,0.0,0.0,,,-0.015163881438119071,-2.7180755407036234
id_test,false_irrelevant,parametric,28,28,1.0,0.0,28,1.0,0.0,0.0,0.0,0.0,1.0,,-0.01914821352277483,-2.7327224658117126
id_test,false_relevant,context,28,28,0.0,0.9642857142857143,28,0.0,0.9642857142857143,0.03571428571428571,0.0,0.0,0.9642857142857143,9.34319976397923,-9.347190618515015,9.517449438724572
id_test,false_relevant,neutral,28,28,0.5714285714285714,0.39285714285714285,28,0.5714285714285714,0.39285714285714285,0.03571428571428571,0.0,0.0,,-4.47097304889134,-0.9633664063044957,10.091393282005084
id_test,false_relevant,parametric,28,28,0.9642857142857143,0.0,28,0.9642857142857143,0.0,0.03571428571428571,0.0,0.0,0.9642857142857143,-34.433573335409164,-0.019668510981968472,5.154154063068025
id_test,true_irrelevant,context,28,28,0.4642857142857143,0.0,28,0.4642857142857143,0.0,0.03571428571428571,0.5,0.0,,,-1.3328194958823067,-3.786354194115567
id_test,true_irrelevant,neutral,28,28,1.0,0.0,28,1.0,0.0,0.0,0.0,0.0,,,-0.014517392430986677,-3.905632415679492
id_test,true_irrelevant,parametric,28,28,1.0,0.0,28,1.0,0.0,0.0,0.0,0.0,1.0,,-0.017685566629682268,-3.641082714462588
id_test,true_relevant,context,28,28,1.0,1.0,0,,,0.0,0.0,0.0,1.0,,-2.895082746233259e-06,-1.784010000926626
id_test,true_relevant,neutral,28,28,1.0,1.0,0,,,0.0,0.0,0.0,,,-2.316066196986607e-06,-1.985460372923073
id_test,true_relevant,parametric,28,28,1.0,1.0,0,,,0.0,0.0,0.0,1.0,,-0.00011818749564034598,-2.026039860092051
ood_relation,false_irrelevant,context,118,118,0.6779661016949152,0.0,118,0.6779661016949152,0.0,0.3050847457627119,0.01694915254237288,0.0,,,-0.7273200083587129,-1.63789043230424
ood_relation,false_irrelevant,neutral,118,118,1.0,0.0,118,1.0,0.0,0.0,0.0,0.0,,,-0.013592522023087842,-1.9501417600608728
ood_relation,false_irrelevant,parametric,118,118,1.0,0.0,118,1.0,0.0,0.0,0.0,0.0,1.0,,-0.0006256992534055549,-3.3606260881263443
ood_relation,false_relevant,context,118,118,0.025423728813559324,0.9745762711864406,118,0.025423728813559324,0.9745762711864406,0.0,0.0,0.0,0.9745762711864406,11.855217400243728,-12.005817979069079,4.224732668804603
ood_relation,false_relevant,neutral,118,118,0.8813559322033898,0.11864406779661017,118,0.8813559322033898,0.11864406779661017,0.0,0.0,0.0,,-16.073987108165934,-1.1959533044847392,4.564395641432604
ood_relation,false_relevant,parametric,118,118,0.9745762711864406,0.025423728813559324,118,0.9745762711864406,0.025423728813559324,0.0,0.0,0.0,0.9745762711864406,-27.910532745264344,-0.21031406370259947,2.5059963590005347
ood_relation,true_irrelevant,context,118,118,0.5932203389830508,0.0,118,0.5932203389830508,0.0,0.3644067796610169,0.0423728813559322,0.0,,,-1.1780245991076452,-2.9953461347333814
ood_relation,true_irrelevant,neutral,118,118,1.0,0.0,118,1.0,0.0,0.0,0.0,0.0,,,-0.004532070483191539,-3.724514155984519
ood_relation,true_irrelevant,parametric,118,118,1.0,0.0,118,1.0,0.0,0.0,0.0,0.0,1.0,,-0.00022950414883888374,-4.013707299471503
ood_relation,true_relevant,context,118,118,1.0,1.0,0,,,0.0,0.0,0.0,1.0,,-1.1314780025158899e-07,-1.9372446865217527
ood_relation,true_relevant,neutral,118,118,1.0,1.0,0,,,0.0,0.0,0.0,,,-3.63689357951536e-07,-2.399076936155582
ood_relation,true_relevant,parametric,118,118,1.0,1.0,0,,,0.0,0.0,0.0,1.0,,-1.632561117915784e-06,-2.6986152052732355
ood_relation_paraphrase,false_irrelevant,context,118,118,0.9915254237288136,0.0,118,0.9915254237288136,0.0,0.00847457627118644,0.0,0.0,,,-0.008854760962017512,-0.23134585305765354
ood_relation_paraphrase,false_irrelevant,neutral,118,118,1.0,0.0,118,1.0,0.0,0.0,0.0,0.0,,,-0.0024855823840125133,-3.074408660297679
ood_relation_paraphrase,false_irrelevant,parametric,118,118,0.9915254237288136,0.0,118,0.9915254237288136,0.0,0.00847457627118644,0.0,0.0,0.9915254237288136,,-0.01638463392096051,-3.9539212147798057
ood_relation_paraphrase,false_relevant,context,118,118,0.3305084745762712,0.6694915254237288,118,0.3305084745762712,0.6694915254237288,0.0,0.0,0.0,0.6694915254237288,0.9214627702357405,-4.185772515959659,3.1010300565660422
ood_relation_paraphrase,false_relevant,neutral,118,118,0.9745762711864406,0.00847457627118644,118,0.9745762711864406,0.00847457627118644,0.01694915254237288,0.0,0.0,,-27.74280332306684,-0.15824595952438095,2.831033694017761
ood_relation_paraphrase,false_relevant,parametric,118,118,0.9915254237288136,0.00847457627118644,118,0.9915254237288136,0.00847457627118644,0.0,0.0,0.0,0.9915254237288136,-31.3042038618508,-0.12703374684867214,1.2573209275744706
ood_relation_paraphrase,true_irrelevant,context,118,118,1.0,0.0,118,1.0,0.0,0.0,0.0,0.0,,,-0.003836942931353036,-1.6056889449691636
ood_relation_paraphrase,true_irrelevant,neutral,118,118,1.0,0.0,118,1.0,0.0,0.0,0.0,0.0,,,-0.000453601449222888,-4.596170410306377
ood_relation_paraphrase,true_irrelevant,parametric,118,118,1.0,0.0,118,1.0,0.0,0.0,0.0,0.0,1.0,,-0.005711304939399331,-4.531303774720918
ood_relation_paraphrase,true_relevant,context,118,118,1.0,1.0,0,,,0.0,0.0,0.0,1.0,,-1.616397146451271e-07,-3.011723033387001
ood_relation_paraphrase,true_relevant,neutral,118,118,1.0,1.0,0,,,0.0,0.0,0.0,,,-1.9396765757415255e-07,-3.426541707953411
ood_relation_paraphrase,true_relevant,parametric,118,118,1.0,1.0,0,,,0.0,0.0,0.0,1.0,,-6.465588585805085e-08,-3.3203220816874066
paraphrase_test,false_irrelevant,context,28,28,0.9642857142857143,0.0,28,0.9642857142857143,0.0,0.03571428571428571,0.0,0.0,,,-0.1745326348713466,-0.9140565520159473
paraphrase_test,false_irrelevant,neutral,28,28,1.0,0.0,28,1.0,0.0,0.0,0.0,0.0,,,-0.006353122847420829,-3.0832270416747107
paraphrase_test,false_irrelevant,parametric,28,28,1.0,0.0,28,1.0,0.0,0.0,0.0,0.0,1.0,,-0.018574186733790805,-3.4151089591263295
paraphrase_test,false_relevant,context,28,28,0.03571428571428571,0.9642857142857143,28,0.03571428571428571,0.9642857142857143,0.0,0.0,0.0,0.9642857142857143,6.231140324047634,-6.497344732284546,8.583844620166541
paraphrase_test,false_relevant,neutral,28,28,0.6428571428571429,0.35714285714285715,28,0.6428571428571429,0.35714285714285715,0.0,0.0,0.0,,-6.073446341923305,-1.255655254636492,9.414678210521492
paraphrase_test,false_relevant,parametric,28,28,1.0,0.0,28,1.0,0.0,0.0,0.0,0.0,1.0,-30.410902351140976,-0.009321025439671107,5.277330202905054
paraphrase_test,true_irrelevant,context,28,28,0.9642857142857143,0.0,28,0.9642857142857143,0.0,0.03571428571428571,0.0,0.0,,,-0.25011136702128817,-2.8198101650642333
paraphrase_test,true_irrelevant,neutral,28,28,1.0,0.0,28,1.0,0.0,0.0,0.0,0.0,,,-0.002663663455418178,-4.613549851308205
paraphrase_test,true_irrelevant,parametric,28,28,1.0,0.0,28,1.0,0.0,0.0,0.0,0.0,1.0,,-0.008398703166416712,-4.05824901097862
paraphrase_test,true_relevant,context,28,28,1.0,1.0,0,,,0.0,0.0,0.0,1.0,,-2.384185791015625e-06,-2.6731950874559476
paraphrase_test,true_relevant,neutral,28,28,1.0,1.0,0,,,0.0,0.0,0.0,,,-2.486365182059152e-06,-2.7716037864075465
paraphrase_test,true_relevant,parametric,28,28,0.9642857142857143,0.9642857142857143,0,,,0.0,0.03571428571428571,0.0,0.9642857142857143,,-4.046303885323661e-05,-2.69037836111949
validation,false_irrelevant,context,30,30,0.0,0.0,30,0.0,0.0,0.9666666666666667,0.03333333333333333,0.0,,,-11.417260615030925,-1.77757253906228
validation,false_irrelevant,neutral,30,30,1.0,0.0,30,1.0,0.0,0.0,0.0,0.0,,,-0.0027820587158203123,-1.8263205293002656
validation,false_irrelevant,parametric,30,30,1.0,0.0,30,1.0,0.0,0.0,0.0,0.0,1.0,,-0.002642695109049479,-2.9661389437597894
validation,false_relevant,context,30,30,0.03333333333333333,0.6666666666666666,30,0.03333333333333333,0.6666666666666666,0.3,0.0,0.0,0.6666666666666666,5.0423539479573565,-6.3314892768859865,7.9369850007373985
validation,false_relevant,neutral,30,30,0.9333333333333333,0.03333333333333333,30,0.9333333333333333,0.03333333333333333,0.03333333333333333,0.0,0.0,,-16.1506134668986,-0.17285919189453125,6.986533892109836
validation,false_relevant,parametric,30,30,1.0,0.0,30,1.0,0.0,0.0,0.0,0.0,1.0,-30.767154276371002,-0.0010681788126627604,2.739108257055716
validation,true_irrelevant,context,30,30,0.0,0.0,30,0.0,0.0,0.9666666666666667,0.03333333333333333,0.0,,,-13.063683319091798,-2.8878385468732573
validation,true_irrelevant,neutral,30,30,1.0,0.0,30,1.0,0.0,0.0,0.0,0.0,,,-0.00453481674194336,-3.3176469079061266
validation,true_irrelevant,parametric,30,30,1.0,0.0,30,1.0,0.0,0.0,0.0,0.0,1.0,,-0.0036117235819498696,-3.7746249683947024
validation,true_relevant,context,30,30,1.0,1.0,0,,,0.0,0.0,0.0,1.0,,-0.005572223663330078,-1.7169680118168487
validation,true_relevant,neutral,30,30,1.0,1.0,0,,,0.0,0.0,0.0,,,-0.008695570627848308,-2.333984038079636
validation,true_relevant,parametric,30,30,1.0,0.9666666666666667,0,,,0.0,0.0,0.0,1.0,,-0.030650583902994792,-3.074940797145733
