analysis_type,analysis_split,condition_id,comparison,outcome,estimate,ci95_low,ci95_high,bootstrap_valid_replicates,cluster_count,n_pairs
paired_policy_effect,id_test,false_relevant,context_minus_neutral,context_minus_parametric_logprob_margin,13.81417281287057,11.558843678236007,16.256374249288015,2000,28,28
paired_policy_effect,id_test,false_relevant,context_minus_neutral,generated_matches_context,0.5714285714285714,0.39285714285714285,0.75,2000,28,28
paired_policy_effect,id_test,false_relevant,context_minus_neutral,generated_matches_parametric,-0.5714285714285714,-0.75,-0.39285714285714285,2000,28,28
paired_policy_effect,id_test,false_relevant,context_minus_neutral,awareness_probe_logit,-0.5739438432805132,-0.9759795339669981,-0.15529794783114215,2000,28,28
paired_policy_effect,id_test,false_relevant,parametric_minus_neutral,context_minus_parametric_logprob_margin,-29.962600286517823,-34.10052863710693,-26.300836650388582,2000,28,28
paired_policy_effect,id_test,false_relevant,parametric_minus_neutral,generated_matches_context,-0.39285714285714285,-0.5714285714285714,-0.21428571428571427,2000,28,28
paired_policy_effect,id_test,false_relevant,parametric_minus_neutral,generated_matches_parametric,0.39285714285714285,0.21428571428571427,0.5714285714285714,2000,28,28
paired_policy_effect,id_test,false_relevant,parametric_minus_neutral,awareness_probe_logit,-4.93723921893706,-6.174648865049228,-3.6427335455872387,2000,28,28
paired_policy_effect,id_test,false_relevant,context_minus_parametric,context_minus_parametric_logprob_margin,43.77677309938839,41.080133336995324,47.232698604890274,2000,28,28
paired_policy_effect,id_test,false_relevant,context_minus_parametric,generated_matches_context,0.9642857142857143,0.8928571428571429,1.0,2000,28,28
paired_policy_effect,id_test,false_relevant,context_minus_parametric,generated_matches_parametric,-0.9642857142857143,-1.0,-0.8928571428571429,2000,28,28
paired_policy_effect,id_test,false_relevant,context_minus_parametric,awareness_probe_logit,4.363295375656548,3.0040672536310677,5.610832846696863,2000,28,28
paired_policy_effect,ood_relation,false_relevant,context_minus_neutral,context_minus_parametric_logprob_margin,27.92920450840966,26.007150625475383,29.59797564209518,2000,118,118
paired_policy_effect,ood_relation,false_relevant,context_minus_neutral,generated_matches_context,0.8559322033898306,0.788135593220339,0.9152542372881356,2000,118,118
paired_policy_effect,ood_relation,false_relevant,context_minus_neutral,generated_matches_parametric,-0.8559322033898306,-0.9152542372881356,-0.788135593220339,2000,118,118
paired_policy_effect,ood_relation,false_relevant,context_minus_neutral,awareness_probe_logit,-0.33966297262800055,-0.558408059925553,-0.13879757022600567,2000,118,118
paired_policy_effect,ood_relation,false_relevant,parametric_minus_neutral,context_minus_parametric_logprob_margin,-11.836545637098409,-12.727323616258168,-10.989491142155762,2000,118,118
paired_policy_effect,ood_relation,false_relevant,parametric_minus_neutral,generated_matches_context,-0.09322033898305085,-0.1440677966101695,-0.05084745762711865,2000,118,118
paired_policy_effect,ood_relation,false_relevant,parametric_minus_neutral,generated_matches_parametric,0.09322033898305085,0.0423728813559322,0.15254237288135594,2000,118,118
paired_policy_effect,ood_relation,false_relevant,parametric_minus_neutral,awareness_probe_logit,-2.0583992824320703,-2.5278582105249034,-1.6092046673748617,2000,118,118
paired_policy_effect,ood_relation,false_relevant,context_minus_parametric,context_minus_parametric_logprob_margin,39.76575014550807,38.16178897932424,41.330449619636696,2000,118,118
paired_policy_effect,ood_relation,false_relevant,context_minus_parametric,generated_matches_context,0.9491525423728814,0.9067796610169492,0.9830508474576272,2000,118,118
paired_policy_effect,ood_relation,false_relevant,context_minus_parametric,generated_matches_parametric,-0.9491525423728814,-0.9830508474576272,-0.9067796610169492,2000,118,118
paired_policy_effect,ood_relation,false_relevant,context_minus_parametric,awareness_probe_logit,1.7187363098040696,1.2422354636553412,2.238192761601777,2000,118,118
paired_policy_effect,ood_relation_paraphrase,false_relevant,context_minus_neutral,context_minus_parametric_logprob_margin,28.664266093302583,26.876642839282244,30.48893751087835,2000,118,118
paired_policy_effect,ood_relation_paraphrase,false_relevant,context_minus_neutral,generated_matches_context,0.6610169491525424,0.576271186440678,0.7457627118644068,2000,118,118
paired_policy_effect,ood_relation_paraphrase,false_relevant,context_minus_neutral,generated_matches_parametric,-0.6440677966101694,-0.7288135593220338,-0.5508474576271186,2000,118,118
paired_policy_effect,ood_relation_paraphrase,false_relevant,context_minus_neutral,awareness_probe_logit,0.2699963625482811,-0.006494314041698082,0.5311174878525554,2000,118,118
paired_policy_effect,ood_relation_paraphrase,false_relevant,parametric_minus_neutral,context_minus_parametric_logprob_margin,-3.5614005387839622,-4.065756578566664,-3.095140117103771,2000,118,118
paired_policy_effect,ood_relation_paraphrase,false_relevant,parametric_minus_neutral,generated_matches_context,0.0,0.0,0.0,2000,118,118
paired_policy_effect,ood_relation_paraphrase,false_relevant,parametric_minus_neutral,generated_matches_parametric,0.01694915254237288,0.0,0.0423728813559322,2000,118,118
paired_policy_effect,ood_relation_paraphrase,false_relevant,parametric_minus_neutral,awareness_probe_logit,-1.5737127664432906,-1.7794579444061098,-1.3615506306427438,2000,118,118
paired_policy_effect,ood_relation_paraphrase,false_relevant,context_minus_parametric,context_minus_parametric_logprob_margin,32.22566663208654,30.48793595746412,33.8718555135242,2000,118,118
paired_policy_effect,ood_relation_paraphrase,false_relevant,context_minus_parametric,generated_matches_context,0.6610169491525424,0.576271186440678,0.7457627118644068,2000,118,118
paired_policy_effect,ood_relation_paraphrase,false_relevant,context_minus_parametric,generated_matches_parametric,-0.6610169491525424,-0.7457627118644068,-0.576271186440678,2000,118,118
paired_policy_effect,ood_relation_paraphrase,false_relevant,context_minus_parametric,awareness_probe_logit,1.843709128991572,1.458595431661596,2.2363831084247083,2000,118,118
paired_policy_effect,paraphrase_test,false_relevant,context_minus_neutral,context_minus_parametric_logprob_margin,12.30458666597094,9.22953530890601,15.567666106564658,2000,28,28
paired_policy_effect,paraphrase_test,false_relevant,context_minus_neutral,generated_matches_context,0.6071428571428571,0.42857142857142855,0.7857142857142857,2000,28,28
paired_policy_effect,paraphrase_test,false_relevant,context_minus_neutral,generated_matches_parametric,-0.6071428571428571,-0.7857142857142857,-0.42857142857142855,2000,28,28
paired_policy_effect,paraphrase_test,false_relevant,context_minus_neutral,awareness_probe_logit,-0.8308335903549526,-1.3498399055531907,-0.3310185556411636,2000,28,28
paired_policy_effect,paraphrase_test,false_relevant,parametric_minus_neutral,context_minus_parametric_logprob_margin,-24.33745600921767,-27.985891343333893,-20.570026096222662,2000,28,28
paired_policy_effect,paraphrase_test,false_relevant,parametric_minus_neutral,generated_matches_context,-0.35714285714285715,-0.5357142857142857,-0.17857142857142858,2000,28,28
paired_policy_effect,paraphrase_test,false_relevant,parametric_minus_neutral,generated_matches_parametric,0.35714285714285715,0.17857142857142858,0.5357142857142857,2000,28,28
paired_policy_effect,paraphrase_test,false_relevant,parametric_minus_neutral,awareness_probe_logit,-4.137348007616441,-4.897521730547279,-3.304753698852872,2000,28,28
paired_policy_effect,paraphrase_test,false_relevant,context_minus_parametric,context_minus_parametric_logprob_margin,36.64204267518861,34.476249598871384,38.91585207054657,2000,28,28
paired_policy_effect,paraphrase_test,false_relevant,context_minus_parametric,generated_matches_context,0.9642857142857143,0.8928571428571429,1.0,2000,28,28
paired_policy_effect,paraphrase_test,false_relevant,context_minus_parametric,generated_matches_parametric,-0.9642857142857143,-1.0,-0.8928571428571429,2000,28,28
paired_policy_effect,paraphrase_test,false_relevant,context_minus_parametric,awareness_probe_logit,3.3065144172614884,2.18225428527315,4.389110577110141,2000,28,28
paired_policy_effect,validation,false_relevant,context_minus_neutral,context_minus_parametric_logprob_margin,21.192967414855957,18.45138819773992,23.97110294103622,2000,30,30
paired_policy_effect,validation,false_relevant,context_minus_neutral,generated_matches_context,0.6333333333333333,0.4666666666666667,0.8,2000,30,30
paired_policy_effect,validation,false_relevant,context_minus_neutral,generated_matches_parametric,-0.9,-1.0,-0.7666666666666667,2000,30,30
paired_policy_effect,validation,false_relevant,context_minus_neutral,awareness_probe_logit,0.9504511086275631,0.362368348805905,1.5590185746403447,2000,30,30
paired_policy_effect,validation,false_relevant,parametric_minus_neutral,context_minus_parametric_logprob_margin,-14.616540809472403,-17.82112472186486,-11.67600401605169,2000,30,30
paired_policy_effect,validation,false_relevant,parametric_minus_neutral,generated_matches_context,-0.03333333333333333,-0.1,0.0,2000,30,30
paired_policy_effect,validation,false_relevant,parametric_minus_neutral,generated_matches_parametric,0.06666666666666667,0.0,0.16666666666666666,2000,30,30
paired_policy_effect,validation,false_relevant,parametric_minus_neutral,awareness_probe_logit,-4.24742563505412,-4.782019745733864,-3.676539754212541,2000,30,30
paired_policy_effect,validation,false_relevant,context_minus_parametric,context_minus_parametric_logprob_margin,35.80950822432836,32.58309197376172,39.5556515134871,2000,30,30
paired_policy_effect,validation,false_relevant,context_minus_parametric,generated_matches_context,0.6666666666666666,0.5,0.8333333333333334,2000,30,30
paired_policy_effect,validation,false_relevant,context_minus_parametric,generated_matches_parametric,-0.9666666666666667,-1.0,-0.9,2000,30,30
paired_policy_effect,validation,false_relevant,context_minus_parametric,awareness_probe_logit,5.197876743681684,4.4733275157652885,5.8752506379500415,2000,30,30
conflict_cost,id_test,false_relevant_minus_true_relevant,within_neutral_policy,parametric_answer_sequence_logprob,-0.9633640902382987,-1.5907335085528238,-0.4276288458279225,2000,28,28
conflict_cost,id_test,false_relevant_minus_true_relevant,within_neutral_policy,generated_matches_parametric,-0.42857142857142855,-0.6071428571428571,-0.25,2000,28,28
truth_x_relevance_interaction,id_test,FR_minus_TR_minus_FI_plus_TI,within_neutral_policy,awareness_probe_logit,10.88929677995229,9.829304266753601,11.900496209555476,2000,28,28
truth_x_relevance_interaction,id_test,FR_minus_TR_minus_FI_plus_TI,within_neutral_policy,factorized_awareness_probability,4.410648350645344,3.6253796619355323,5.213859550088912,2000,28,28
conflict_cost,id_test,false_relevant_minus_true_relevant,within_context_policy,parametric_answer_sequence_logprob,-9.347187723432269,-10.528758483273641,-8.188154051133566,2000,28,28
conflict_cost,id_test,false_relevant_minus_true_relevant,within_context_policy,generated_matches_parametric,-1.0,-1.0,-1.0,2000,28,28
truth_x_relevance_interaction,id_test,FR_minus_TR_minus_FI_plus_TI,within_context_policy,awareness_probe_logit,10.308095827847273,9.175896660672256,11.277079815136213,2000,28,28
truth_x_relevance_interaction,id_test,FR_minus_TR_minus_FI_plus_TI,within_context_policy,factorized_awareness_probability,4.997254174205021,4.4018867245838464,5.529153283207479,2000,28,28
conflict_cost,id_test,false_relevant_minus_true_relevant,within_parametric_policy,parametric_answer_sequence_logprob,-0.019550323486328125,-0.05749056850160871,-8.480463709150044e-05,2000,28,28
conflict_cost,id_test,false_relevant_minus_true_relevant,within_parametric_policy,generated_matches_parametric,-0.03571428571428571,-0.10714285714285714,0.0,2000,28,28
truth_x_relevance_interaction,id_test,FR_minus_TR_minus_FI_plus_TI,within_parametric_policy,awareness_probe_logit,6.2718336745092005,5.673725870605591,6.866570729122833,2000,28,28
truth_x_relevance_interaction,id_test,FR_minus_TR_minus_FI_plus_TI,within_parametric_policy,factorized_awareness_probability,6.064060306689385,5.42310733318514,6.692582635930496,2000,28,28
conflict_cost,ood_relation,false_relevant_minus_true_relevant,within_neutral_policy,parametric_answer_sequence_logprob,-1.1959529407953813,-2.0895114333952884,-0.4769004866228266,2000,118,118
conflict_cost,ood_relation,false_relevant_minus_true_relevant,within_neutral_policy,generated_matches_parametric,-0.11864406779661017,-0.17796610169491525,-0.06779661016949153,2000,118,118
truth_x_relevance_interaction,ood_relation,FR_minus_TR_minus_FI_plus_TI,within_neutral_policy,awareness_probe_logit,5.18910018166454,4.453847033456899,5.916812219712413,2000,118,118
truth_x_relevance_interaction,ood_relation,FR_minus_TR_minus_FI_plus_TI,within_neutral_policy,factorized_awareness_probability,2.7478170044895776,1.885143877641592,3.587472502832257,2000,118,118
conflict_cost,ood_relation,false_relevant_minus_true_relevant,within_context_policy,parametric_answer_sequence_logprob,-12.00581786592128,-13.098438804230447,-10.937375608743249,2000,118,118
conflict_cost,ood_relation,false_relevant_minus_true_relevant,within_context_policy,generated_matches_parametric,-0.9745762711864406,-1.0,-0.940677966101695,2000,118,118
truth_x_relevance_interaction,ood_relation,FR_minus_TR_minus_FI_plus_TI,within_context_policy,awareness_probe_logit,4.804521652897214,4.17039258099056,5.470750699330757,2000,118,118
truth_x_relevance_interaction,ood_relation,FR_minus_TR_minus_FI_plus_TI,within_context_policy,factorized_awareness_probability,1.6492502832633567,0.9550701544836828,2.3250576087107766,2000,118,118
conflict_cost,ood_relation,false_relevant_minus_true_relevant,within_parametric_policy,parametric_answer_sequence_logprob,-0.21031243114148157,-0.5732675696833659,-0.003493705038296992,2000,118,118
conflict_cost,ood_relation,false_relevant_minus_true_relevant,within_parametric_policy,generated_matches_parametric,-0.025423728813559324,-0.059322033898305086,0.0,2000,118,118
truth_x_relevance_interaction,ood_relation,FR_minus_TR_minus_FI_plus_TI,within_parametric_policy,awareness_probe_logit,4.5515303529286095,4.141054838590547,4.95711729739581,2000,118,118
truth_x_relevance_interaction,ood_relation,FR_minus_TR_minus_FI_plus_TI,within_parametric_policy,factorized_awareness_probability,2.0049150898691965,1.4691845517774333,2.5203563270402274,2000,118,118
conflict_cost,ood_relation_paraphrase,false_relevant_minus_true_relevant,within_neutral_policy,parametric_answer_sequence_logprob,-0.15824576555672337,-0.4553737904055644,-0.00043337880554845986,2000,118,118
conflict_cost,ood_relation_paraphrase,false_relevant_minus_true_relevant,within_neutral_policy,generated_matches_parametric,-0.025423728813559324,-0.059322033898305086,0.0,2000,118,118
truth_x_relevance_interaction,ood_relation_paraphrase,FR_minus_TR_minus_FI_plus_TI,within_neutral_policy,awareness_probe_logit,4.735813651962473,4.370605116177586,5.128744369860099,2000,118,118
truth_x_relevance_interaction,ood_relation_paraphrase,FR_minus_TR_minus_FI_plus_TI,within_neutral_policy,factorized_awareness_probability,-0.11824005496785589,-0.6381909896269393,0.39333186436431583,2000,118,118
conflict_cost,ood_relation_paraphrase,false_relevant_minus_true_relevant,within_context_policy,parametric_answer_sequence_logprob,-4.185772354319944,-4.926190184940726,-3.5019503837924892,2000,118,118
conflict_cost,ood_relation_paraphrase,false_relevant_minus_true_relevant,within_context_policy,generated_matches_parametric,-0.6694915254237288,-0.7542372881355932,-0.5847457627118644,2000,118,118
truth_x_relevance_interaction,ood_relation_paraphrase,FR_minus_TR_minus_FI_plus_TI,within_context_policy,awareness_probe_logit,4.7384099980415355,4.332959038786701,5.154729201790152,2000,118,118
truth_x_relevance_interaction,ood_relation_paraphrase,FR_minus_TR_minus_FI_plus_TI,within_context_policy,factorized_awareness_probability,-0.5064660595847533,-0.9831014916542021,-0.050916435168940115,2000,118,118
conflict_cost,ood_relation_paraphrase,false_relevant_minus_true_relevant,within_parametric_policy,parametric_answer_sequence_logprob,-0.12703368219278627,-0.3733265143329814,-0.0002097982471272109,2000,118,118
conflict_cost,ood_relation_paraphrase,false_relevant_minus_true_relevant,within_parametric_policy,generated_matches_parametric,-0.00847457627118644,-0.025423728813559324,0.0,2000,118,118
truth_x_relevance_interaction,ood_relation_paraphrase,FR_minus_TR_minus_FI_plus_TI,within_parametric_policy,awareness_probe_logit,4.0002604493207645,3.6113908689586744,4.3752992936937005,2000,118,118
truth_x_relevance_interaction,ood_relation_paraphrase,FR_minus_TR_minus_FI_plus_TI,within_parametric_policy,factorized_awareness_probability,0.7726407357765741,0.3800961888985763,1.1759002876065823,2000,118,118
conflict_cost,paraphrase_test,false_relevant_minus_true_relevant,within_neutral_policy,parametric_answer_sequence_logprob,-1.25565276827131,-2.080092307499477,-0.5581478357315063,2000,28,28
conflict_cost,paraphrase_test,false_relevant_minus_true_relevant,within_neutral_policy,generated_matches_parametric,-0.35714285714285715,-0.5357142857142857,-0.17857142857142858,2000,28,28
truth_x_relevance_interaction,paraphrase_test,FR_minus_TR_minus_FI_plus_TI,within_neutral_policy,awareness_probe_logit,10.655959187295549,9.304301024403053,11.748158505032608,2000,28,28
truth_x_relevance_interaction,paraphrase_test,FR_minus_TR_minus_FI_plus_TI,within_neutral_policy,factorized_awareness_probability,5.94115248706145,5.016796320911655,6.842605902359894,2000,28,28
conflict_cost,paraphrase_test,false_relevant_minus_true_relevant,within_context_policy,parametric_answer_sequence_logprob,-6.497342348098755,-7.672495545659746,-5.259010563577925,2000,28,28
conflict_cost,paraphrase_test,false_relevant_minus_true_relevant,within_context_policy,generated_matches_parametric,-0.9642857142857143,-1.0,-0.8928571428571429,2000,28,28
truth_x_relevance_interaction,paraphrase_test,FR_minus_TR_minus_FI_plus_TI,within_context_policy,awareness_probe_logit,9.351286094574204,8.017797016101483,10.47014522516453,2000,28,28
truth_x_relevance_interaction,paraphrase_test,FR_minus_TR_minus_FI_plus_TI,within_context_policy,factorized_awareness_probability,6.091390021339762,5.15502474786664,6.929650585468461,2000,28,28
conflict_cost,paraphrase_test,false_relevant_minus_true_relevant,within_parametric_policy,parametric_answer_sequence_logprob,-0.009280562400817871,-0.02504019098622458,-0.0003900144781385156,2000,28,28
conflict_cost,paraphrase_test,false_relevant_minus_true_relevant,within_parametric_policy,generated_matches_parametric,0.03571428571428571,0.0,0.10714285714285714,2000,28,28
truth_x_relevance_interaction,paraphrase_test,FR_minus_TR_minus_FI_plus_TI,within_parametric_policy,awareness_probe_logit,7.324568512172254,6.345316727207943,8.248034235617798,2000,28,28
truth_x_relevance_interaction,paraphrase_test,FR_minus_TR_minus_FI_plus_TI,within_parametric_policy,factorized_awareness_probability,4.5129281383510795,3.640745434010484,5.336818569188761,2000,28,28
conflict_cost,validation,false_relevant_minus_true_relevant,within_neutral_policy,parametric_answer_sequence_logprob,-0.16416362126668294,-0.41387143373489377,0.00504916985829668,2000,30,30
conflict_cost,validation,false_relevant_minus_true_relevant,within_neutral_policy,generated_matches_parametric,-0.06666666666666667,-0.16666666666666666,0.0,2000,30,30
truth_x_relevance_interaction,validation,FR_minus_TR_minus_FI_plus_TI,within_neutral_policy,awareness_probe_logit,7.829191551583611,6.627872175640394,8.975417545000983,2000,30,30
truth_x_relevance_interaction,validation,FR_minus_TR_minus_FI_plus_TI,within_neutral_policy,factorized_awareness_probability,3.4301035672587803,2.4799553817578985,4.395255591345845,2000,30,30
conflict_cost,validation,false_relevant_minus_true_relevant,within_context_policy,parametric_answer_sequence_logprob,-6.325917053222656,-7.666413381099701,-5.082776959737142,2000,30,30
conflict_cost,validation,false_relevant_minus_true_relevant,within_context_policy,generated_matches_parametric,-0.9666666666666667,-1.0,-0.9,2000,30,30
truth_x_relevance_interaction,validation,FR_minus_TR_minus_FI_plus_TI,within_context_policy,awareness_probe_logit,8.543687004743273,7.396689132044306,9.587921450198687,2000,30,30
truth_x_relevance_interaction,validation,FR_minus_TR_minus_FI_plus_TI,within_context_policy,factorized_awareness_probability,4.593222010192647,3.730832771362852,5.417444680975961,2000,30,30
conflict_cost,validation,false_relevant_minus_true_relevant,within_parametric_policy,parametric_answer_sequence_logprob,0.029582405090332033,-0.0008783817291259765,0.08214028040568033,2000,30,30
conflict_cost,validation,false_relevant_minus_true_relevant,within_parametric_policy,generated_matches_parametric,0.0,0.0,0.0,2000,30,30
truth_x_relevance_interaction,validation,FR_minus_TR_minus_FI_plus_TI,within_parametric_policy,awareness_probe_logit,5.005563029566536,4.155955734042804,5.9017320093695425,2000,30,30
truth_x_relevance_interaction,validation,FR_minus_TR_minus_FI_plus_TI,within_parametric_policy,factorized_awareness_probability,3.892835951190035,2.9835374387943823,4.836143811244948,2000,30,30
